Title,Date
Our Beloved Summer: Season 1: Our Beloved Summer,3/4/2022
Our Beloved Summer: Season 1: Three Idiots,3/4/2022
Our Beloved Summer: Season 1: Life Is Beautiful,3/4/2022
Our Beloved Summer: Season 1: Love Actually,3/4/2022
Our Beloved Summer: Season 1: Begin Again,3/2/2022
Our Beloved Summer: Season 1: Our Nights Are More Beautiful Than Your Days,3/1/2022
"Our Beloved Summer: Season 1: Hello, My Soul Mate",3/1/2022
Our Beloved Summer: Season 1: Just Friends,3/1/2022
Inventing Anna: Limited Series: Dangerously Close,2/28/2022
Inventing Anna: Limited Series: Too Rich for Her Blood,2/28/2022
Inventing Anna: Limited Series: Cash on Delivery,2/28/2022
Inventing Anna: Limited Series: Friends in Low Places,2/28/2022
Inventing Anna: Limited Series: Check Out Time,2/27/2022
Inventing Anna: Limited Series: A Wolf in Chic Clothing,2/27/2022
"Inventing Anna: Limited Series: Two Birds, One Throne",2/27/2022
Inventing Anna: Limited Series: The Devil Wore Anna,2/27/2022
Inventing Anna: Limited Series: Life of a VIP,2/27/2022
Les Misérables,2/22/2022
Found,2/19/2022
The Conjuring,2/10/2022
Our Beloved Summer: Season 1: Before Sunset,2/10/2022
All of Us Are Dead: Season 1: Episode 12,2/2/2022
All of Us Are Dead: Season 1: Episode 11,2/2/2022
All of Us Are Dead: Season 1: Episode 10,2/2/2022
All of Us Are Dead: Season 1: Episode 9,2/2/2022
All of Us Are Dead: Season 1: Episode 8,2/1/2022
All of Us Are Dead: Season 1: Episode 7,1/30/2022
All of Us Are Dead: Season 1: Episode 6,1/30/2022
All of Us Are Dead: Season 1: Episode 5,1/30/2022
All of Us Are Dead: Season 1: Episode 4,1/30/2022
All of Us Are Dead: Season 1: Episode 3,1/29/2022
All of Us Are Dead: Season 1: Episode 2,1/29/2022
All of Us Are Dead: Season 1: Episode 1,1/28/2022
The Untamed: Season 1: Episode 35,1/28/2022
The Untamed: Season 1: Episode 21,1/28/2022
The Untamed: Season 1: Episode 20,1/27/2022
The Untamed: Season 1: Episode 15,1/27/2022
The Untamed: Season 1: Episode 14,1/23/2022
The Untamed: Season 1: Episode 13,1/23/2022
The Untamed: Season 1: Episode 12,1/23/2022
The Untamed: Season 1: Episode 11,1/23/2022
The Untamed: Season 1: Episode 10,1/23/2022
The Untamed: Season 1: Episode 9,1/20/2022
The Untamed: Season 1: Episode 8,1/20/2022
The Untamed: Season 1: Episode 7,1/20/2022
The Untamed: Season 1: Episode 6,1/20/2022
Black Holes | The Edge of All We Know,1/20/2022
Avatar: The Last Airbender: Book 3: Sozin's Comet,1/15/2022
Thus Spoke Kishibe Rohan: Season 1: The Run,1/11/2022
Thus Spoke Kishibe Rohan: Season 1: Millionaire Village,1/11/2022
Thus Spoke Kishibe Rohan: Season 1: Mutsu-kabe Hill,1/11/2022
Thus Spoke Kishibe Rohan: Season 1: At a Confessional,1/10/2022
Avatar: The Last Airbender: Book 3: The Ember Island Players,1/9/2022
Avatar: The Last Airbender: Book 3: The Southern Raiders,1/9/2022
Avatar: The Last Airbender: Book 3: The Boiling Rock,1/9/2022
Avatar: The Last Airbender: Book 3: The Firebending Masters,1/9/2022
Avatar: The Last Airbender: Book 3: The Western Air Temple,1/9/2022
Avatar: The Last Airbender: Book 3: Day of the Black Sun,1/9/2022
Single’s Inferno: Season 1: Episode 8,1/8/2022
Single’s Inferno: Season 1: Episode 7,1/8/2022
Devilman Crybaby: Limited Series: Crybaby,1/8/2022
Devilman Crybaby: Limited Series: One Hand Is Enough,1/8/2022
Devilman Crybaby: Limited Series: Neither Demon Nor Human,1/8/2022
Devilman Crybaby: Limited Series: Beautiful Silene,1/8/2022
Single’s Inferno: Season 1: Episode 6,1/6/2022
Single’s Inferno: Season 1: Episode 5,1/6/2022
Single’s Inferno: Season 1: Episode 4,1/6/2022
Single’s Inferno: Season 1: Episode 3,1/6/2022
Single’s Inferno: Season 1: Episode 2,1/6/2022
Single’s Inferno: Season 1: Episode 1,1/6/2022
Hotel Del Luna: Season 1: Episode 1,1/5/2022
The Twilight Saga: Breaking Dawn: Part 2,1/5/2022
Avatar: The Last Airbender: Book 3: The Painted Lady,1/5/2022
Yanxi Palace: Princess Adventures: Season 1: Episode 6,1/5/2022
Yanxi Palace: Princess Adventures: Season 1: Episode 5,1/5/2022
Yanxi Palace: Princess Adventures: Season 1: Episode 2,1/5/2022
Yanxi Palace: Princess Adventures: Season 1: Episode 3,1/5/2022
Avatar: The Last Airbender: Book 3: The Headband,1/5/2022
Avatar: The Last Airbender: Book 2: Bitter Work,1/5/2022
Over the Moon,1/4/2022
A Tale Dark & Grimm: Season 1: Chapter the Tenth: The Royal Family,1/4/2022
A Tale Dark & Grimm: Season 1: Chapter the Ninth: The Dragon,1/4/2022
A Tale Dark & Grimm: Season 1: Chapter the Eighth: The Broken Kingdom,1/4/2022
A Tale Dark & Grimm: Season 1: Chapter the Seventh: Faithful Johannes,1/4/2022
A Tale Dark & Grimm: Season 1: Chapter the Sixth: Three Golden Hairs,1/4/2022
A Tale Dark & Grimm: Season 1: Chapter the Fifth: A Smile As Red As Blood,1/4/2022
A Tale Dark & Grimm: Season 1: Chapter the Fourth: The Monster Within,1/4/2022
A Tale Dark & Grimm: Season 1: Chapter the Third: Brother and Sister,1/3/2022
A Tale Dark & Grimm: Season 1: Chapter the Second: The Seven Swallows,1/3/2022
A Tale Dark & Grimm: Season 1: Chapter the First: Hansel and Gretel,1/3/2022
Yanxi Palace: Princess Adventures: Season 1: Episode 1,1/1/2022
The Crown: Season 1: Windsor,12/29/2021
The Crown: Season 1: Hyde Park Corner,12/29/2021
The Crown: Season 1: Wolferton Splash,12/29/2021
The Twilight Saga: Breaking Dawn: Part 1,12/29/2021
The Twilight Saga: Eclipse,12/28/2021
The Queen's Gambit: Limited Series: Openings,12/28/2021
The Twilight Saga: New Moon,12/27/2021
Twilight,12/27/2021
Our Beloved Summer: Season 1: Catch Me If You Can,12/27/2021
Avatar: The Last Airbender: Book 2: The Chase,12/25/2021
Our Beloved Summer: Season 1: Pride and Prejudice,12/21/2021
Dorohedoro: Season 1: Episode 1,12/21/2021
Our Beloved Summer: Season 1: A Secret That Can’t Be Told,12/20/2021
"Our Beloved Summer: Season 1: The Boy, or the Girl, We Liked Then",12/14/2021
Our Beloved Summer: Season 1: 10 Things I Hate About You,12/14/2021
To All The Boys: Always And Forever,12/11/2021
Our Beloved Summer: Season 1: 1792 Days of Summer,12/11/2021
Our Beloved Summer: Season 1: I Know What You Did Last Summer,12/11/2021
Avatar: The Last Airbender: Book 2: Zuko Alone,11/30/2021
Avatar: The Last Airbender: Book 2: The Blind Bandit,11/30/2021
Avatar: The Last Airbender: Book 2: The Avatar State,11/29/2021
Avatar: The Last Airbender: Book 1: The Siege of the North: Part 2,11/29/2021
Avatar: The Last Airbender: Book 1: The Siege of the North: Part 1,11/29/2021
Avatar: The Last Airbender: Book 1: The Waterbending Master,11/29/2021
Avatar: The Last Airbender: Book 1: The Northern Air Temple,11/29/2021
Word of Honor: Episode 11,11/27/2021
Word of Honor: Episode 12,11/27/2021
Word of Honor: Episode 8,11/27/2021
Word of Honor: Episode 6,11/27/2021
Word of Honor: Episode 4,11/27/2021
Avatar: The Last Airbender: Book 1: The Deserter,11/27/2021
Avatar: The Last Airbender: Book 1: Bato of the Water Tribe,11/27/2021
Avatar: The Last Airbender: Book 1: The Fortune-Teller,11/27/2021
Avatar: The Last Airbender: Book 1: The Blue Spirit,11/27/2021
Avatar: The Last Airbender: Book 1: The Storm,11/27/2021
Avatar: The Last Airbender: Book 1: The Great Divide,11/27/2021
Avatar: The Last Airbender: Book 1: Winter Solstice: Part 2: Avatar Roku,11/27/2021
Avatar: The Last Airbender: Book 1: The Boy in the Iceberg,11/27/2021
The Legend of Korra: Book Four: Balance: The Battle of Zaofu,11/27/2021
The Legend of Korra: Book Four: Balance: The Last Stand,11/25/2021
The Legend of Korra: Book Four: Balance: Day of the Colossus,11/25/2021
The Legend of Korra: Book Four: Balance: Kuvira's Gambit,11/25/2021
The Legend of Korra: Book Four: Balance: Operation: Beifong,11/25/2021
The Legend of Korra: Book Four: Balance: Beyond the Wilds,11/25/2021
The Legend of Korra: Book Four: Balance: Remembrances,11/25/2021
The Legend of Korra: Book Four: Balance: Reunion,11/25/2021
The Legend of Korra: Book Four: Balance: Enemy at the Gates,11/24/2021
To All the Boys: P.S. I Still Love You,11/24/2021
To All the Boys I’ve Loved Before,11/24/2021
The Crown: Season 3: Dangling Man,11/23/2021
The Crown: Season 3: Olding,11/23/2021
The Crown: Season 2: Mystery Man,11/23/2021
The Crown: Season 2: Paterfamilias,11/23/2021
The Crown: Season 2: Dear Mrs. Kennedy,11/22/2021
The Crown: Season 2: Matrimonium,11/22/2021
The Crown: Season 2: Vergangenheit,11/22/2021
The Crown: Season 2: Marionettes,11/21/2021
The Crown: Season 2: Beryl,11/21/2021
The Crown: Season 2: Lisbon,11/21/2021
The Crown: Season 2: A Company of Men,11/21/2021
The Crown: Season 2: Misadventure,11/20/2021
The Legend of Korra: Book Four: Balance: The Calling,11/20/2021
The Legend of Korra: Book Four: Balance: The Coronation,11/20/2021
The Legend of Korra: Book Four: Balance: Korra Alone,11/20/2021
The Legend of Korra: Book Four: Balance: After All These Years,11/20/2021
The Legend of Korra: Book Three: Change: The Terror Within,11/20/2021
The Crown: Season 1: Gloriana,11/20/2021
The Crown: Season 1: Assassins,11/19/2021
The Crown: Season 1: Pride & Joy,11/19/2021
The Crown: Season 1: Scientia Potentia Est,11/18/2021
The Crown: Season 1: Gelignite,11/18/2021
The Crown: Season 1: Smoke and Mirrors,11/18/2021
The Crown: Season 1: Act of God,11/18/2021
BLACKPINK: Light Up the Sky,11/18/2021
The Legend of Korra: Book Three: Change: Original Airbenders,11/17/2021
The Legend of Korra: Book Three: Change: Old Wounds,11/17/2021
The Legend of Korra: Book Three: Change: The Metal Clan,11/17/2021
The Legend of Korra: Book Three: Change: In Harm's Way,11/17/2021
The Legend of Korra: Book Three: Change: The Earth Queen,11/17/2021
The Legend of Korra: Book Three: Change: Rebirth,11/17/2021
The Legend of Korra: Book Three: Change: A Breath of Fresh Air,11/17/2021
The Legend of Korra: Book Two: Spirits: Light in the Dark,11/17/2021
The Legend of Korra: Book Two: Spirits: Darkness Falls,11/17/2021
The Legend of Korra: Book Two: Spirits: The Sting,11/17/2021
The Legend of Korra: Book Two: Spirits: Peacekeepers,11/17/2021
The Legend of Korra: Book Two: Spirits: Civil Wars: Part 2,11/17/2021
The Legend of Korra: Book Two: Spirits: Civil Wars: Part 1,11/17/2021
The Legend of Korra: Book Two: Spirits: The Southern Lights,11/17/2021
The Legend of Korra: Book Two: Spirits: Rebel Spirit,11/17/2021
The Crown: Season 4: War,11/16/2021
The Crown: Season 4: Avalanche,11/16/2021
The Crown: Season 4: 48:1,11/16/2021
The Crown: Season 4: The Hereditary Principle,11/16/2021
The Crown: Season 4: Terra Nullius,11/16/2021
The Legend of Korra: Book One: Air: Endgame,11/16/2021
The Legend of Korra: Book One: Air: The Voice in the Night,11/16/2021
The Legend of Korra: Book One: Air: The Revelation,11/16/2021
The Legend of Korra: Book One: Air: A Leaf in the Wind,11/16/2021
The Legend of Korra: Book One: Air: Welcome to Republic City,11/16/2021
The Crown: Season 4: Fagan,11/15/2021
The Crown: Season 4: Favourites,11/15/2021
The Crown: Season 4: Fairytale,11/15/2021
The Crown: Season 4: The Balmoral Test,11/15/2021
The Crown: Season 4: Gold Stick,11/15/2021
Chilling Adventures of Sabrina: Part 4: Chapter Thirty-Six: At the Mountains of Madness,11/14/2021
Chilling Adventures of Sabrina: Part 4: Chapter Thirty-Five: The Endless,11/14/2021
Chilling Adventures of Sabrina: Part 4: Chapter Thirty-Four: The Returned,11/14/2021
Chilling Adventures of Sabrina: Part 4: Chapter Thirty-Three: Deus Ex Machina,11/13/2021
Chilling Adventures of Sabrina: Part 4: Chapter Thirty-Two: The Imp of the Perverse,11/13/2021
Chilling Adventures of Sabrina: Part 4: Chapter Thirty-One: The Weird,11/13/2021
Chilling Adventures of Sabrina: Part 4: Chapter Thirty: The Uninvited,11/13/2021
Chilling Adventures of Sabrina: Part 4: Chapter Twenty-Nine: The Eldritch Dark,11/13/2021
Chilling Adventures of Sabrina: Part 3: Chapter Twenty-Eight: Sabrina Is Legend,11/12/2021
Chilling Adventures of Sabrina: Part 3: Chapter Twenty-Seven: The Judas Kiss,11/12/2021
Chilling Adventures of Sabrina: Part 3: Chapter Twenty-Six: All of Them Witches,11/12/2021
Chilling Adventures of Sabrina: Part 3: Chapter Twenty-Five: The Devil Within,11/12/2021
Chilling Adventures of Sabrina: Part 3: Chapter Twenty-Four: The Hare Moon,11/12/2021
Chilling Adventures of Sabrina: Part 3: Chapter Twenty-Three: Heavy Is the Crown,11/12/2021
Chilling Adventures of Sabrina: Part 3: Chapter Twenty-Two: Drag Me to Hell,11/12/2021
Chilling Adventures of Sabrina: Part 3: Chapter Twenty-One: The Hellbound Heart,11/12/2021
Chilling Adventures of Sabrina: Part 2: Chapter Eighteen: The Miracles of Sabrina Spellman,11/12/2021
Chilling Adventures of Sabrina: Part 2: Chapter Seventeen: The Missionaries,11/12/2021
Heaven Official's Blessing: Season 1: Episode 12,11/12/2021
Heaven Official's Blessing: Season 1: Episode 12,11/11/2021
Heaven Official's Blessing: Season 1: Episode 11,11/11/2021
Heaven Official's Blessing: Season 1: Episode 10,11/11/2021
Heaven Official's Blessing: Season 1: Episode 9,11/11/2021
Heaven Official's Blessing: Season 1: Episode 8,11/11/2021
Heaven Official's Blessing: Season 1: Episode 7,11/11/2021
Heaven Official's Blessing: Season 1: Episode 6,11/11/2021
The Untamed: Season 1: Episode 5,11/10/2021
The Untamed: Season 1: Episode 4,11/10/2021
