Title,Date
"Queer Eye: Season 3: Lost Boy","3/5/22"
"Queer Eye: Season 3: From Hunter to Huntee","3/5/22"
"Queer Eye: Season 6: The Mis-Inspiration of Reggie Devore","3/4/22"
"Queer Eye: Season 6: A Legend in the Baking","3/2/22"
"Queer Eye: Season 6: Gimme Shelter","3/1/22"
"Queer Eye: Season 6: Snow White of Central Texas","2/28/22"
"Queer Eye: Season 6: Community Allied","2/28/22"
"Queer Eye: Season 6: Craw-Zaddy","2/26/22"
"Queer Eye: Season 6: A Night to Remember","2/26/22"
"Queer Eye: Season 6: No More Bull","2/26/22"
"Queer Eye: Season 6: Angel Gets Her Wings","2/25/22"
"Queer Eye: Season 6: Showdown at the Broken Spoke","2/25/22"
"The DUFF","2/25/22"
"Sweet Magnolias: Season 2: If Thou Wilt, Remember","2/23/22"
"Sweet Magnolias: Season 2: Dear Heart","2/23/22"
"Sweet Magnolias: Season 2: The Rules of the Game","2/23/22"
"Sweet Magnolias: Season 2: Fragile Things","2/23/22"
"Sweet Magnolias: Season 2: Find It in Your Heart","2/21/22"
"Sweet Magnolias: Season 2: Great Expectations","2/20/22"
"Sweet Magnolias: Season 2: Walk of Faith","2/19/22"
"Sweet Magnolias: Season 2: The More Things Change","2/18/22"
"Sweet Magnolias: Season 2: So Much to Say","2/17/22"
"Sweet Magnolias: Season 2: Casseroles and Casualties","2/17/22"
"Sweet Magnolias: Season 1: Storms and Rainbows","2/17/22"
"Sweet Magnolias: Season 1: Where You Find Me","2/16/22"
"Sweet Magnolias: Season 1: What Fools These Mortals Be","2/16/22"
"Sweet Magnolias: Season 1: Hold My Hand","2/13/22"
"Sweet Magnolias: Season 1: All Best Intentions","2/13/22"
"Sweet Magnolias: Season 1: Dance First, Think Later","2/13/22"
"Sweet Magnolias: Season 1: Lay It All Down","2/12/22"
"Sweet Magnolias: Season 1: Give Drink to the Thirsty","2/12/22"
"Sweet Magnolias: Season 1: A United Front","2/11/22"
"Sweet Magnolias: Season 1: Pour It Out","2/11/22"
"Too Hot to Handle: Season 3: No Pleasure Island","2/11/22"
"Cheer: Season 2: Daytona Pt. 1: Don't Be That Guy","2/11/22"
"Too Hot to Handle: Season 2: I Did Not See That Coming","2/10/22"
"The Tinder Swindler","2/8/22"
"Too Hot to Handle: Season 2: Green Lights and Hot Nights","2/8/22"
"Too Hot to Handle: Season 2: Money down the Drain","2/8/22"
"Too Hot to Handle: Season 2: Misters over Sisters","2/8/22"
"Too Hot to Handle: Season 2: Give Up the Chase","2/7/22"
"Too Hot to Handle: Season 2: An Offer You Can’t Refuse","2/6/22"
"Too Hot to Handle: Season 2: Resist Everything… Except Temptation","2/6/22"
"Too Hot to Handle: Season 2: On Est dans la Merde","2/5/22"
"Too Hot to Handle: Season 2: You Gotta Watch Out for Pete","2/5/22"
"Too Hot to Handle: Season 2: C**kblocked by a Cone","2/5/22"
"Too Hot to Handle: Season 1: Love, Sex or Money","2/5/22"
"Too Hot to Handle: Season 3: Out With A Bang","2/4/22"
"Too Hot to Handle: Season 3: Paradise Purgatory","2/4/22"
"Too Hot to Handle: Season 3: Reaching Rock Bottom","2/4/22"
"Too Hot to Handle: Season 3: Yoni Live Once","2/4/22"
"Too Hot to Handle: Season 3: Triple Threat","2/4/22"
"Too Hot to Handle: Season 3: The Summer of '69","2/4/22"
"Too Hot to Handle: Season 3: Eat My Shorts","2/3/22"
"Too Hot to Handle: Season 3: The Truth Hurts","2/1/22"
"Too Hot to Handle: Season 3: The Midnight Train to Georgia","2/1/22"
"Cheer: Season 2: Daytona Pt. 2: If the Judges Disagree","1/31/22"
"Cheer: Season 2: Mining for Tenths","1/30/22"
"Cheer: Season 2: Tumbling","1/30/22"
"Cheer: Season 2: Jerry","1/29/22"
"Cheer: Season 2: Hell Week","1/29/22"
"Cheer: Season 2: Dracut Girl","1/29/22"
"Cheer: Season 2: Here's to We","1/28/22"
"Cheer: Season 2: Everybody Hopes","1/24/22"
"Cheer: Season 1: Daytona","1/20/22"
"Cheer: Season 1: Full Out","1/20/22"
"Cheer: Season 1: Hit Zero","1/19/22"
"Cheer: Season 1: Blood, Sweat and Cheers","1/19/22"
"Cheer: Season 1: Making Mat","1/18/22"
"Cheer: Season 1: God Blessed Texas","1/18/22"
"Single’s Inferno: Season 1: Episode 1","1/17/22"
"Never Have I Ever: Season 2: ... been a perfect girl","1/16/22"
"Never Have I Ever: Season 2: ... stalked my own mother","1/16/22"
"Never Have I Ever: Season 2: ... been Daisy Buchanan","1/15/22"
"Never Have I Ever: Season 2: ... begged for forgiveness","1/14/22"
"Never Have I Ever: Season 2: ... betrayed a friend","1/14/22"
"Never Have I Ever: Season 2: ... ruined someone's life","1/14/22"
"Never Have I Ever: Season 2: ... had an Indian frenemy","1/14/22"
"Never Have I Ever: Season 2: ... opened a textbook","1/14/22"
"Never Have I Ever: Season 2: ... thrown a rager","1/14/22"
"Never Have I Ever: Season 2: ... been a playa","1/14/22"
"Never Have I Ever: Season 1: ... said I'm sorry","1/13/22"
"Never Have I Ever: Season 1: ... had to be on my best behavior","1/13/22"
"Never Have I Ever: Season 1: ... gotten drunk with the popular kids","1/13/22"
"Never Have I Ever: Season 1: ... pissed off everyone I know","1/13/22"
"Never Have I Ever: Season 1: ... been a big, fat liar","1/13/22"
"Never Have I Ever: Season 1: ... been the loneliest boy in the world","1/13/22"
"Never Have I Ever: Season 1: ... started a nuclear war","1/13/22"
"Never Have I Ever: Season 1: ... felt super Indian","1/13/22"
"Never Have I Ever: Season 1: ... had sex with Paxton Hall-Yoshida","1/12/22"
"Never Have I Ever: Season 1: Pilot","1/12/22"
"Queer Eye: Season 4: Farm to Able","1/10/22"
"Cobra Kai: Season 4: The Rise","1/10/22"
"Cobra Kai: Season 4: The Fall","1/10/22"
"Cobra Kai: Season 4: Party Time","1/10/22"
"Cobra Kai: Season 4: Minefields","1/10/22"
"Cobra Kai: Season 4: Kicks Get Chicks","1/8/22"
"Cobra Kai: Season 4: Match Point","1/8/22"
"Cobra Kai: Season 4: Bicephaly","1/8/22"
"Cobra Kai: Season 4: Then Learn Fly","1/7/22"
"Cobra Kai: Season 4: First Learn Stand","1/5/22"
"Cobra Kai: Season 4: Let's Begin","1/5/22"
"Cobra Kai: Season 2: Back in Black","1/5/22"
"The Great British Baking Show: Holidays: Season 3: The Great Christmas Baking Show","12/28/21"
"The Great British Baking Show: Holidays: Season 4: The Great New Year Baking Show","12/28/21"
"Cobra Kai: Season 2: Mercy, Part II","12/28/21"
"Cobra Kai: Season 1: Mercy","12/28/21"
"Cobra Kai: Season 1: Different But Same","12/28/21"
"Cobra Kai: Season 1: Molting","12/28/21"
"Cobra Kai: Season 1: All Valley","12/28/21"
"Cobra Kai: Season 1: Quiver","12/28/21"
"Cobra Kai: Season 1: Counterbalance","12/28/21"
"Cobra Kai: Season 1: Cobra Kai Never Dies","12/28/21"
"The Great British Baking Show: Holidays: Season 4: The Great Christmas Baking Show","12/25/21"
"Community: Season 1: Physical Education","12/24/21"
"Community: Season 1: Communication Studies","12/24/21"
"Community: Season 1: Romantic Expressionism","12/23/21"
"Queer Eye: Season 4: Soldier Returns Home","12/21/21"
"Avatar: The Last Airbender: Book 3: The Boiling Rock","12/20/21"
"Avatar: The Last Airbender: Book 3: The Firebending Masters","12/20/21"
"Avatar: The Last Airbender: Book 3: The Western Air Temple","12/20/21"
"Avatar: The Last Airbender: Book 3: Day of the Black Sun","12/20/21"
"Avatar: The Last Airbender: Book 3: Nightmares and Daydreams","12/20/21"
"Avatar: The Last Airbender: Book 3: The Puppetmaster","12/20/21"
"Avatar: The Last Airbender: Book 3: The Runaway","12/20/21"
"Avatar: The Last Airbender: Book 3: The Avatar and the Firelord","12/20/21"
"Avatar: The Last Airbender: Book 3: The Beach","12/20/21"
"Avatar: The Last Airbender: Book 3: Sokka's Master","12/20/21"
"Avatar: The Last Airbender: Book 3: The Painted Lady","12/20/21"
"Avatar: The Last Airbender: Book 3: The Headband","12/20/21"
"Queer Eye: Season 4: A Tale of Two Cultures","12/17/21"
"Community: Season 1: Interpretive Dance","12/17/21"
"Community: Season 1: Investigative Journalism","12/17/21"
"Community: Season 1: Comparative Religion","12/17/21"
"Community: Season 1: Environmental Science","12/17/21"
"Cobra Kai: Season 1: Esqueleto","12/15/21"
"Cobra Kai: Season 1: Strike First","12/15/21"
"Cobra Kai: Season 1: Ace Degenerate","12/15/21"
"Avatar: The Last Airbender: Book 3: The Awakening","12/14/21"
"Avatar: The Last Airbender: Book 1: Winter Solstice: Part 1: The Spirit World","12/12/21"
"Avatar: The Last Airbender: Book 1: Imprisoned","12/12/21"
"Avatar: The Last Airbender: Book 1: The Boy in the Iceberg","12/12/21"
"Queer Eye: Season 4: On Golden Kenny","12/12/21"
"Queer Eye: Season 4: How Wanda Got Her Groove Back","12/8/21"
"Queer Eye: Season 4: Stoner Skates By","12/4/21"
"School of Chocolate: Season 1: The Best in Class Is...","12/1/21"
"School of Chocolate: Season 1: Give Me Some Sugar","12/1/21"
"School of Chocolate: Season 1: Flying Chocolate","11/30/21"
"School of Chocolate: Season 1: Bittersweet Surprises","11/30/21"
"School of Chocolate: Season 1: Chocolate Hanging by a Thread","11/29/21"
"School of Chocolate: Season 1: Make It Ooze","11/28/21"
"School of Chocolate: Season 1: Dessert Deception","11/28/21"
"School of Chocolate: Season 1: Breaking Molds and Bending Chocolate","11/28/21"
"Queer Eye: Season 4: Disabled but Not Really","11/28/21"
"Sex Education: Season 3: Episode 8","11/19/21"
"Sex Education: Season 3: Episode 7","11/16/21"
"Sex Education: Season 3: Episode 6","11/16/21"
"Sex Education: Season 3: Episode 5","11/15/21"
"Sex Education: Season 3: Episode 4","11/15/21"
"Sex Education: Season 3: Episode 3","11/14/21"
"Sex Education: Season 3: Episode 2","11/14/21"
"Sex Education: Season 2: Episode 8","11/14/21"
"Sex Education: Season 3: Episode 1","11/14/21"
"Sex Education: Season 2: Episode 7","11/13/21"
"Hunter X Hunter (2011): Season 1: Departure x and x Friends","11/13/21"
"Sex Education: Season 2: Episode 6","11/11/21"
"Sex Education: Season 2: Episode 5","11/11/21"
"Sex Education: Season 2: Episode 4","11/10/21"
"Sex Education: Season 2: Episode 3","11/10/21"
"Lady Bird","11/10/21"
"Sex Education: Season 2: Episode 2","11/10/21"
"Sex Education: Season 2: Episode 1","11/10/21"
"Sex Education: Season 1: Episode 8","11/9/21"
"Sex Education: Season 1: Episode 7","11/9/21"
"Sex Education: Season 1: Episode 6","11/9/21"
"Sex Education: Season 1: Episode 5","11/9/21"
"Sex Education: Season 1: Episode 4","11/9/21"
"Community: Season 1: Debate 109","11/9/21"
"Community: Season 1: Home Economics","11/8/21"
"Community: Season 1: Football, Feminism and You","11/8/21"
"Community: Season 1: Advanced Criminal Law","11/8/21"
"Sex Education: Season 1: Episode 3","11/8/21"
"Sex Education: Season 1: Episode 2","11/8/21"
"Sex Education: Season 1: Episode 1","11/8/21"
"Inside Job: Part 1: Unpresidented","11/7/21"
"Great News: Season 2: Early Retirement","11/6/21"
"Great News: Season 2: The Fast Track","11/5/21"
"Great News: Season 2: Competing Offer","11/5/21"
"Great News: Season 2: Catfight","11/5/21"
"Great News: Season 2: Love Is Dead","11/5/21"
"Great News: Season 2: Sensitivity Training","11/5/21"
"Great News: Season 2: A Christmas Carol Wendelson","11/5/21"
"Great News: Season 2: Pool Show","11/5/21"
"Great News: Season 2: Night of the Living Screen","11/4/21"
"Great News: Season 2: Award Show","11/4/21"
"Great News: Season 2: Honeypot!","11/4/21"
"Great News: Season 2: Squad Feud","11/4/21"
"Great News: Season 2: Boardroom Bitch","11/4/21"
"Great News: Season 1: Carol's Eleven","11/3/21"
"Great News: Season 1: Carol Has a Bully","11/3/21"
"Great News: Season 1: Celebrity Hacking Scandal","11/3/21"
"Great News: Season 1: The Red Door","11/2/21"
"Great News: Season 1: Serial Arsonist","11/2/21"
"Great News: Season 1: Snowmaggedon of the Century","11/2/21"
"Great News: Season 1: War Is Hell","11/2/21"
"Great News: Season 1: Chuck Pierce Is Blind","11/2/21"
"Great News: Season 1: Bear Attack","11/2/21"
"Great News: Season 1: Pilot","11/2/21"
"Community: Season 1: Social Psychology","11/1/21"
"Community: Season 1: Introduction to Film","11/1/21"
"Community: Season 1: Spanish 101","10/30/21"
"Community: Season 1: Community","10/29/21"
"Cowboy Bebop: Season 1: Asteroid Blues","10/28/21"
"Inside Job: Part 1: Inside Reagan","10/27/21"
"Inside Job: Part 1: Mole Hunt","10/27/21"
"Inside Job: Part 1: Buzzkill","10/26/21"
"Inside Job: Part 1: Ghost Protocol","10/26/21"
"Inside Job: Part 1: My Big Flat Earth Wedding","10/26/21"
"Inside Job: Part 1: The Brettfast Club","10/26/21"
"Inside Job: Part 1: Sex Machina","10/25/21"
"Inside Job: Part 1: Blue Bloods","10/25/21"
"Inside Job: Part 1: Clone Gunman","10/25/21"
"Maya and the Three: Limited Series: Chapter 1: Quinceañera","10/22/21"
"Squid Game: Season 1: Red Light, Green Light","10/22/21"
"New Girl: Season 7: Engram Pattersky","10/21/21"
"New Girl: Season 7: The Curse of the Pirate Bride","10/21/21"
"New Girl: Season 7: Mario","10/20/21"
"New Girl: Season 7: Godparents","10/20/21"
"New Girl: Season 7: Where the Road Goes","10/20/21"
"New Girl: Season 7: Lillypads","10/19/21"
"New Girl: Season 7: Tuesday Meeting","10/19/21"
"New Girl: Season 7: About Three Years Later","10/19/21"
"New Girl: Season 6: Five Stars for Beezus","10/17/21"
"New Girl: Season 6: San Diego","10/17/21"
"New Girl: Season 6: Misery","10/17/21"
"New Girl: Season 6: Socalyalcon VI","10/17/21"
"New Girl: Season 6: Young Adult","10/16/21"
"New Girl: Season 6: Rumspringa","10/16/21"
"New Girl: Season 6: Operation: Bobcat","10/16/21"
"New Girl: Season 6: Glue","10/16/21"
"New Girl: Season 6: The Hike","10/16/21"
"New Girl: Season 6: Cece's Boys","10/16/21"
"New Girl: Season 6: The Cubicle","10/16/21"
"New Girl: Season 6: Raisin's Back","10/16/21"
"New Girl: Season 6: Christmas Eve Eve","10/16/21"
"New Girl: Season 6: Es Good","10/15/21"
"New Girl: Season 6: James Wonder","10/15/21"
"New Girl: Season 6: Last Thanksgiving","10/15/21"
"New Girl: Season 6: Ready","10/15/21"
"New Girl: Season 6: Jaipur Aviv","10/15/21"
"New Girl: Season 6: Homecoming","10/15/21"
"New Girl: Season 6: Single and Sufficient","10/15/21"
"New Girl: Season 6: Hubbedy Bubby","10/15/21"
"New Girl: Season 6: House Hunt","10/15/21"
"New Girl: Season 5: Landing Gear","10/15/21"
"New Girl: Season 5: Wedding Eve","10/14/21"
"New Girl: Season 5: Return to Sender","10/14/21"
"New Girl: Season 5: Dress","10/14/21"
"New Girl: Season 5: A Chill Day In","10/14/21"
"New Girl: Season 5: Road Trip","10/14/21"
"New Girl: Season 5: Helmet","10/14/21"
"New Girl: Season 5: Jeff Day","10/14/21"
"New Girl: Season 5: 300 Feet","10/14/21"
"New Girl: Season 5: Sam, Again","10/14/21"
"New Girl: Season 5: D-Day","10/13/21"
"New Girl: Season 5: The Apartment","10/13/21"
"New Girl: Season 5: Goosebumps Walkaway","10/13/21"
"New Girl: Season 5: Heat Wave","10/13/21"
"New Girl: Season 5: The Decision","10/13/21"
"New Girl: Season 5: Wig","10/13/21"
"New Girl: Season 5: Reagan","10/13/21"
"New Girl: Season 5: Bob & Carol & Nick & Schmidt","10/13/21"
"New Girl: Season 5: No Girl","10/13/21"
"New Girl: Season 5: Jury Duty","10/13/21"
"New Girl: Season 5: What About Fred","10/13/21"
"New Girl: Season 5: Big Mama P","10/13/21"
"New Girl: Season 4: Clean Break","10/12/21"
"New Girl: Season 4: Panty Gate","10/12/21"
"New Girl: Season 4: Par 5","10/12/21"
"New Girl: Season 4: The Right Thing","10/12/21"
"New Girl: Season 4: Walk of Shame","10/12/21"
"New Girl: Season 4: Spiderhunt","10/10/21"
"New Girl: Season 4: Oregon","10/10/21"
"New Girl: Season 4: The Crawl","10/9/21"
"New Girl: Season 4: Swuit","10/9/21"
"New Girl: Season 4: Coming Out","10/9/21"
"New Girl: Season 4: Shark","10/8/21"
"New Girl: Season 4: LAXmas","10/8/21"
"New Girl: Season 4: Girl Fight","10/7/21"
"New Girl: Season 4: Thanksgiving IV","10/7/21"
"New Girl: Season 4: Teachers","10/7/21"
"New Girl: Season 4: Goldmine","10/7/21"
"New Girl: Season 4: Background Check","10/7/21"
"New Girl: Season 4: Landline","10/4/21"
"New Girl: Season 4: Micro","10/4/21"
"New Girl: Season 4: Julie Berkman's Older Sister","10/4/21"
"New Girl: Season 4: Dice","10/4/21"
"New Girl: Season 4: The Last Wedding","10/4/21"
"New Girl: Season 3: Cruise","10/4/21"
"New Girl: Season 3: Dance","10/2/21"
"New Girl: Season 3: Big News","10/1/21"
"New Girl: Season 3: Sister III","10/1/21"
"New Girl: Season 3: Sister II","9/30/21"
"New Girl: Season 3: Sister","9/30/21"
"New Girl: Season 3: Exes","9/30/21"
"New Girl: Season 3: Prince","9/30/21"
"New Girl: Season 3: Birthday","9/29/21"
"New Girl: Season 3: Basketsball","9/26/21"
"New Girl: Season 3: Clavado En Un Bar","9/26/21"
"New Girl: Season 3: Thanksgiving III","9/26/21"
"New Girl: Season 3: Menus","9/25/21"
"New Girl: Season 3: Coach","9/25/21"
"New Girl: Season 3: Keaton","9/24/21"
"New Girl: Season 3: The Box","9/24/21"
"New Girl: Season 3: The Captain","9/24/21"
"New Girl: Season 3: Double Date","9/24/21"
"New Girl: Season 3: Nerd","9/24/21"
"New Girl: Season 3: All In","9/24/21"
"New Girl: Season 2: Elaine's Big Day","9/24/21"
"New Girl: Season 2: Winston's Birthday","9/23/21"
"New Girl: Season 2: Virgins","9/23/21"
"New Girl: Season 2: Bachelorette Party","9/23/21"
"New Girl: Season 2: First Date","9/23/21"
"New Girl: Season 2: Chicago","9/23/21"
"New Girl: Season 2: Quick Hardening Caulk","9/23/21"
"New Girl: Season 2: Tinfinity","9/23/21"
"New Girl: Season 2: Parking Spot","9/23/21"
"New Girl: Season 2: Table 34","9/21/21"
"New Girl: Season 2: Cooler","9/21/21"
"New Girl: Season 2: Pepperwood","9/21/21"
"Freedom Writers","9/21/21"
"New Girl: Season 2: A Father's Love","9/20/21"
"New Girl: Season 2: Cabin","9/20/21"
"New Girl: Season 2: Santa","9/19/21"
"New Girl: Season 2: Bathtub","9/19/21"
"New Girl: Season 2: Eggs","9/19/21"
"New Girl: Season 2: Parents","9/19/21"
"New Girl: Season 2: Menzies","9/17/21"
"New Girl: Season 2: Halloween","9/17/21"
"New Girl: Season 2: Models","9/17/21"
"New Girl: Season 2: Neighbors","9/17/21"
"New Girl: Season 2: Fluffer","9/17/21"
"New Girl: Season 2: Katie","9/17/21"
"New Girl: Season 2: Re-Launch","9/17/21"
"New Girl: Season 1: See Ya","9/17/21"
"New Girl: Season 1: Backslide","9/16/21"
"New Girl: Season 1: Tomatoes","9/15/21"
"New Girl: Season 1: Kids","9/15/21"
"New Girl: Season 1: Normal","9/15/21"
"New Girl: Season 1: Secrets","9/15/21"
"New Girl: Season 1: Fancyman, Part 2","9/15/21"
"New Girl: Season 1: Fancyman, Part 1","9/14/21"
"New Girl: Season 1: Control","9/14/21"
"New Girl: Season 1: Injured","9/14/21"
"New Girl: Season 1: Bully","9/13/21"
"New Girl: Season 1: Valentine's Day","9/13/21"
"New Girl: Season 1: The Landlord","9/13/21"
"New Girl: Season 1: Jess and Julia","9/13/21"
"New Girl: Season 1: The Story of the 50","9/13/21"
"New Girl: Season 1: The 23rd","9/13/21"
"New Girl: Season 1: Bad in Bed","9/13/21"
"New Girl: Season 1: Bells","9/10/21"
"New Girl: Season 1: Thanksgiving","9/9/21"
"New Girl: Season 1: Cece Crashes","9/9/21"
"New Girl: Season 1: Naked","9/9/21"
"New Girl: Season 1: Wedding","9/9/21"
"New Girl: Season 1: Kryptonite","9/9/21"
"New Girl: Season 1: Pilot","9/6/21"
"He's All That","9/2/21"
"Kim's Convenience: Season 1: Ddong Chim","8/30/21"
"Food Wars!: Shokugeki no Soma: An Endless Wasteland","8/26/21"
"Girlboss: Season 1: Sophia","8/24/21"
"The Mirror Has Two Faces","8/21/21"
"Gilmore Girls: A Year in the Life: Limited Series: Fall","8/21/21"
"Gilmore Girls: Season 1: The Lorelais' First Day at Chilton","8/19/21"
"Gilmore Girls: A Year in the Life: Limited Series: Summer","8/18/21"
"Gilmore Girls: A Year in the Life: Limited Series: Spring","8/18/21"
"Gilmore Girls: Season 1: Pilot","8/17/21"
"Gilmore Girls: A Year in the Life: Limited Series: Winter","8/17/21"
"Gilmore Girls: Season 7: Bon Voyage","8/17/21"
"Gilmore Girls: Season 7: Unto the Breach","8/17/21"
"Gilmore Girls: Season 7: Lorelai? Lorelai?","8/16/21"
"Gilmore Girls: Season 7: It's Just Like Riding a Bike","8/16/21"
"Gilmore Girls: Season 7: Hay Bale Maze","8/16/21"
"Gilmore Girls: Season 7: Gilmore Girls Only","8/16/21"
"Gilmore Girls: Season 7: Will You Be My Lorelai Gilmore?","8/16/21"
"Gilmore Girls: Season 7: I'm a Kayak, Hear Me Roar","8/16/21"
"Gilmore Girls: Season 7: Farewell, My Pet","8/13/21"
"Gilmore Girls: Season 7: I'd Rather Be in Philadelphia","8/13/21"
"Gilmore Girls: Season 7: To Whom It May Concern","8/13/21"
"Gilmore Girls: Season 7: Santa's Secret Stuff","8/12/21"
"Gilmore Girls: Season 7: French Twist","8/12/21"
"Gilmore Girls: Season 7: Go Bulldogs!","8/12/21"
"Gilmore Girls: Season 7: The Great Stink","8/12/21"
"Gilmore Girls: Season 7: 'S Wonderful, 'S Marvelous","8/11/21"
"Gilmore Girls: Season 7: Lorelai's First Cotillion","8/11/21"
"Gilmore Girls: Season 7: That's What You Get, Folks, For Makin' Whoopie","8/11/21"
"Gilmore Girls: Season 7: The Long Morrow","8/11/21"
"Gilmore Girls: Season 6: Partings","8/11/21"
"Gilmore Girls: Season 6: Driving Miss Gilmore","8/11/21"
"Gilmore Girls: Season 6: Super Cool Party People","8/10/21"
"Gilmore Girls: Season 6: I Get a Sidekick out of You","8/10/21"
"Gilmore Girls: Season 6: The Real Paul Anka","8/10/21"
"Gilmore Girls: Season 6: I'm OK, You're OK","8/9/21"
"Gilmore Girls: Season 6: Bridesmaids Revisited","8/9/21"
"Gilmore Girls: Season 6: A Vineyard Valentine","8/9/21"
"Gilmore Girls: Season 6: You've Been Gilmored","8/9/21"
"Gilmore Girls: Season 6: Friday Night's Alright for Fighting","8/9/21"
"Gilmore Girls: Season 6: Just Like Gwen and Gavin","8/9/21"
"Gilmore Girls: Season 6: The Perfect Dress","8/9/21"
"Gilmore Girls: Season 6: He's Slippin' 'Em Bread ... Dig?","8/9/21"
"Gilmore Girls: Season 6: The Prodigal Daughter Returns","8/9/21"
"Gilmore Girls: Season 6: Let Me Hear Your Balalaikas Ringing Out","8/9/21"
"Gilmore Girls: Season 6: Twenty-One is the Loneliest Number","8/9/21"
"Gilmore Girls: Season 6: Welcome to the Dollhouse","8/8/21"
"Gilmore Girls: Season 6: We've Got Magic to Do","8/8/21"
"Gilmore Girls: Season 6: Always a Godmother, Never a God","8/8/21"
"Gilmore Girls: Season 6: The Ungraduate","8/8/21"
"Gilmore Girls: Season 6: Fight Face","8/8/21"
"Gilmore Girls: Season 6: New and Improved Lorelai","8/8/21"
"Gilmore Girls: Season 5: A House is Not a Home","8/8/21"
"Gilmore Girls: Season 5: Blame Booze and Melville","8/7/21"
"Gilmore Girls: Season 5: How Many Kropogs to Cape Cod?","8/7/21"
"Gilmore Girls: Season 5: But I'm a Gilmore","8/7/21"
"Gilmore Girls: Season 5: To Live and Let Diorama","8/7/21"
"Gilmore Girls: Season 5: Pulp Friction","8/6/21"
"Gilmore Girls: Season 5: So...Good Talk","8/6/21"
"Gilmore Girls: Season 5: Jews and Chinese Food","8/6/21"
"Gilmore Girls: Season 5: Say Something","8/6/21"
"Gilmore Girls: Season 5: Wedding Bell Blues","8/6/21"
"Gilmore Girls: Season 5: Come Home","8/6/21"
"Gilmore Girls: Season 5: Women of Questionable Morals","8/6/21"
"Gilmore Girls: Season 5: But Not As Cute As Pushkin","8/6/21"
"Gilmore Girls: Season 5: Emily Says 'Hello'","8/5/21"
"Gilmore Girls: Season 5: The Party's Over","8/5/21"
"Gilmore Girls: Season 5: You Jump, I Jump, Jack","8/5/21"
"Gilmore Girls: Season 5: Norman Mailer, I'm Pregnant","8/5/21"
"Gilmore Girls: Season 5: We Got Us a Pippi Virgin","8/5/21"
"Gilmore Girls: Season 5: Tippecanoe and Taylor, Too","8/4/21"
"Gilmore Girls: Season 4: Luke Can See Her Face","8/4/21"
"Gilmore Girls: Season 5: Written in the Stars","8/4/21"
"Gilmore Girls: Season 5: Say Goodbye to Daisy Miller","8/4/21"
"Gilmore Girls: Season 4: Raincoats & Recipes","8/4/21"
"Gilmore Girls: Season 4: Last Week Fights, This Week Tights","8/4/21"
"Gilmore Girls: Season 4: Afterboom","8/4/21"
"Gilmore Girls: Season 4: Tick, Tick, Tick Boom","8/4/21"
"Gilmore Girls: Season 4: Girls in Bikinis, Boys Doin' the Twist","8/3/21"
"Gilmore Girls: Season 4: The Reigning Lorelai","8/3/21"
"Gilmore Girls: Season 4: Scene in a Mall","8/3/21"
"Gilmore Girls: Season 4: The Incredible Sinking Lorelais","8/3/21"
"Gilmore Girls: Season 4: Nag Hammadi Is Where They Found the Gnostic Gospels","8/3/21"
"Gilmore Girls: Season 4: A Family Matter","8/2/21"
"Gilmore Girls: Season 4: In the Clamor and the Clangor","8/2/21"
"Gilmore Girls: Season 4: The Nanny and the Professor","8/2/21"
"Gilmore Girls: Season 4: Ted Koppel's Big Night Out","8/2/21"
"Gilmore Girls: Season 4: Die, Jerk","8/2/21"
"Gilmore Girls: Season 4: The Festival of Living Art","8/2/21"
"Gilmore Girls: Season 4: An Affair to Remember","8/2/21"
"Gilmore Girls: Season 4: The Fundamental Things Apply","8/1/21"
"Gilmore Girls: Season 4: Chicken or Beef?","8/1/21"
"Gilmore Girls: Season 4: The Hobbit, the Sofa and Digger Stiles","7/31/21"
"Gilmore Girls: Season 4: The Lorelais' First Day at Yale","7/31/21"
"Gilmore Girls: Season 4: Ballrooms & Biscotti","7/31/21"
"Gilmore Girls: Season 3: Those Are Strings, Pinocchio","7/30/21"
"Gilmore Girls: Season 3: Here Comes the Son","7/30/21"
"Gilmore Girls: Season 3: Say Goodnight, Gracie","7/30/21"
"Gilmore Girls: Season 3: Keg! Max!","7/30/21"
"Gilmore Girls: Season 3: A Tale of Poes and Fire","7/30/21"
"Gilmore Girls: Season 3: Happy Birthday, Baby","7/30/21"
"Gilmore Girls: Season 3: The Big One","7/30/21"
"Gilmore Girls: Season 3: Face-Off","7/30/21"
"Gilmore Girls: Season 3: Swan Song","7/29/21"
"Gilmore Girls: Season 3: Dear Emily and Richard","7/29/21"
"Gilmore Girls: Season 3: Lorelai Out of Water","7/29/21"
"Gilmore Girls: Season 3: I Solemnly Swear...","7/29/21"
"Gilmore Girls: Season 3: That'll Do, Pig","7/29/21"
"Gilmore Girls: Season 3: A Deep-Fried Korean Thanksgiving","7/29/21"
"Gilmore Girls: Season 3: Let the Games Begin","7/29/21"
"Gilmore Girls: Season 3: They Shoot Gilmores, Don't They?","7/28/21"
"Gilmore Girls: Season 3: Take the Deviled Eggs...","7/28/21"
"Gilmore Girls: Season 3: Eight O'Clock at the Oasis","7/28/21"
"Gilmore Girls: Season 3: One's Got Class and the Other One Dyes","7/28/21"
"Gilmore Girls: Season 3: Application Anxiety","7/28/21"
"Gilmore Girls: Season 3: Haunted Leg","7/28/21"
"Gilmore Girls: Season 3: Lazy-Hazy-Crazy Days","7/28/21"
"Gilmore Girls: Season 2: I Can't Get Started","7/27/21"
"Gilmore Girls: Season 2: Lorelai's Graduation Day","7/27/21"
"Gilmore Girls: Season 2: Help Wanted","7/27/21"
"Gilmore Girls: Season 2: Teach Me Tonight","7/27/21"
"Gilmore Girls: Season 2: Back in the Saddle Again","7/27/21"
"Gilmore Girls: Season 2: Dead Uncles & Vegetables","7/27/21"
"Gilmore Girls: Season 2: There's the Rub","7/27/21"
"Gilmore Girls: Season 2: Lost & Found","7/27/21"
"Gilmore Girls: Season 2: It Should've Been Lorelai","7/27/21"
"Gilmore Girls: Season 2: A-Tisket, A-Tasket","7/27/21"
"Gilmore Girls: Season 2: Richard in Stars Hollow","7/27/21"
"Gilmore Girls: Season 2: Presenting Lorelai Gilmore","7/26/21"
"Gilmore Girls: Season 2: Secrets and Loans","7/26/21"
"Gilmore Girls: Season 2: The Bracebridge Dinner","7/26/21"
"Gilmore Girls: Season 2: Run Away Little Boy","7/26/21"
"Gilmore Girls: Season 2: The Ins & Outs of Inns","7/26/21"
"Gilmore Girls: Season 2: Like Mother, Like Daughter","7/26/21"
"Gilmore Girls: Season 2: Nick & Nora/Sid & Nancy","7/25/21"
"Gilmore Girls: Season 2: The Road Trip to Harvard","7/24/21"
"Gilmore Girls: Season 2: Red Light on the Wedding Night","7/24/21"
"Gilmore Girls: Season 2: Hammers and Veils","7/23/21"
"Gilmore Girls: Season 2: Sadie, Sadie...","7/23/21"
"Gilmore Girls: Season 1: Love, Daisies and Troubadours","7/23/21"
"Gilmore Girls: Season 1: P.S. I Lo...","7/23/21"
"Gilmore Girls: Season 1: Emily in Wonderland","7/23/21"
"Gilmore Girls: Season 1: The Third Lorelai","7/23/21"
"Gilmore Girls: Season 1: The Breakup, Part II","7/23/21"
"Gilmore Girls: Season 1: Star-Crossed Lovers and Other Strangers","7/23/21"
"Gilmore Girls: Season 1: Christopher Returns","7/23/21"
"Gilmore Girls: Season 1: That Damn Donna Reed","7/23/21"
"Gilmore Girls: Season 1: Concert Interruptus","7/22/21"
"Gilmore Girls: Season 1: Double Date","7/22/21"
"Gilmore Girls: Season 1: Paris is Burning","7/22/21"
"Gilmore Girls: Season 1: Forgiveness and Stuff","7/22/21"
"Gilmore Girls: Season 1: Rory's Dance","7/22/21"
"Gilmore Girls: Season 1: Love & War & Snow","7/22/21"
"Gilmore Girls: Season 1: Kiss and Tell","7/22/21"
"Gilmore Girls: Season 1: Rory's Birthday Parties","7/21/21"
"Gilmore Girls: Season 1: Cinnamon's Wake","7/21/21"
"Gilmore Girls: Season 1: The Deer Hunters","7/21/21"
"Gilmore Girls: Season 1: Kill Me Now","7/21/21"
"Hunt for the Wilderpeople","7/20/21"
"Breaking Bad: Season 1: Pilot","7/20/21"
"Kim's Convenience: Season 1: Janet's Photos","7/20/21"
"Kim's Convenience: Season 1: Gay Discount","7/20/21"
"Attack on Titan: Season 1: To You, After 2,000 Years: The Fall of Shiganshina, Part 1","7/18/21"
"The Great British Baking Show: Collection 8: Cake Week","7/18/21"
"America's Next Top Model: Season 19: The Girl Who Makes the Grade","7/18/21"
"Kim's Convenience: Season 5: Family Business","7/18/21"
"Kim's Convenience: Season 5: Hugs & Prayers","7/18/21"
"Love Is Blind: Season 1: Last Night in Paradise","7/18/21"
"Love Is Blind: Season 1: Couples Retreat","7/17/21"
"Love Is Blind: Season 1: First Night Together","7/17/21"
"Love Is Blind: Season 1: Will You Marry Me?","7/17/21"
"Love Is Blind: Season 1: Is Love Blind?","7/16/21"
"Terminator 2: Judgment Day","7/16/21"
"Kim's Convenience: Season 5: Matchy Matchy","7/15/21"
"Kim's Convenience: Season 5: Who's Pranking Who?","7/15/21"
"Kim's Convenience: Season 5: Field of Schemes","7/15/21"
"Kim's Convenience: Season 5: Slippery Slope","7/15/21"
"Kim's Convenience: Season 5: Chance Encounter","7/15/21"
"Kim's Convenience: Season 5: Cookie Monster","7/15/21"
"Kim's Convenience: Season 5: A Tangled Web","7/15/21"
"Kim's Convenience: Season 5: Tennis Anyone?","7/15/21"
"Kim's Convenience: Season 5: Appa & Linus","7/15/21"
"Kim's Convenience: Season 5: Channouncements","7/15/21"
"Kim's Convenience: Season 5: Parking Pass","7/15/21"
"Kim's Convenience: Season 4: Bon Voyage","7/14/21"
"Kim's Convenience: Season 4: Knife Strife","7/14/21"
"Kim's Convenience: Season 4: Birds of a Feather","7/14/21"
"Kim's Convenience: Season 4: In the Bedroom","7/14/21"
"The Circle: Season 1: Face-to-Face","7/14/21"
"Kim's Convenience: Season 4: Which Witch is Which","7/13/21"
"Kim's Convenience: Season 4: Chammo!","7/13/21"
"Kim's Convenience: Season 4: Beacon of Truth","7/13/21"
"Kim's Convenience: Season 4: Soccer Dad","7/13/21"
"Kim's Convenience: Season 4: Thinkin’ ‘bout Inkin’","7/13/21"
"Kim's Convenience: Season 4: Happy Ummaversary","7/13/21"
"Kim's Convenience: Season 4: The Help","7/13/21"
"Kim's Convenience: Season 4: Couch Surfing","7/13/21"
"Kim's Convenience: Season 4: The Trollop","7/13/21"
"Kim's Convenience: Season 3: Lord of the Ring","7/13/21"
"Kim's Convenience: Season 3: Hit 'n' Fun","7/13/21"
"Kim's Convenience: Season 3: Appanticitis","7/12/21"
"Kim's Convenience: Season 3: Elephant in the Room","7/12/21"
"Kim's Convenience: Season 3: Blabber Talker","7/12/21"
"Kim's Convenience: Season 3: To Him It May Concern","7/12/21"
"Kim's Convenience: Season 3: Appanoon Delight","7/12/21"
"Kim's Convenience: Season 3: The Kim Cup","7/11/21"
"Kim's Convenience: Season 3: Army Spoon","7/11/21"
"Spotlight","7/11/21"
"Kim's Convenience: Season 3: Thy Neighbour's Wifi","7/10/21"
"Kim's Convenience: Season 3: Open Kimunication","7/10/21"
"Kim's Convenience: Season 3: Cutie Pie","7/10/21"
"Kim's Convenience: Season 3: New Appa-liance","7/10/21"
"Kim's Convenience: Season 2: Handy Graduation","7/10/21"
"Kim's Convenience: Season 2: Appa’s First Text","7/10/21"
"Kim's Convenience: Season 2: Good Neighbours","7/9/21"
"Kim's Convenience: Season 2: Janet’s Boyfriend","7/9/21"
"Kim's Convenience: Season 2: New TV","7/9/21"
"Kim's Convenience: Season 2: Silent Auction","7/9/21"
"Kim's Convenience: Season 2: Sneak Attack","7/9/21"
"Kim's Convenience: Season 2: Resting Place","7/9/21"
"Kim's Convenience: Season 2: Date Night","7/9/21"
"Kim's Convenience: Season 2: Cardboard Jung","7/9/21"
"Kim's Convenience: Season 2: House Guest","7/9/21"
"Kim's Convenience: Season 2: Business Award","7/9/21"
"Kim's Convenience: Season 2: Janet’s Roommate","7/9/21"
"Kim's Convenience: Season 1: Family Singing Contest","7/9/21"
"Kim's Convenience: Season 1: Appa's Lump","7/9/21"
"Kim's Convenience: Season 1: Handyman","7/8/21"
"Kim's Convenience: Season 1: Janet's New Job","7/8/21"
"Kim's Convenience: Season 1: Best Before","7/7/21"
"Kim's Convenience: Season 1: Hapkido","7/7/21"
"Kim's Convenience: Season 1: Rude Kid","7/7/21"
"Kim's Convenience: Season 1: Service","7/7/21"
"Kim's Convenience: Season 1: Wingman","7/6/21"
"Kim's Convenience: Season 1: Frank & Nayoung","7/6/21"
"Nevertheless,: Season 1: It’s Not Only Me. Nevertheless,","7/6/21"
"Nevertheless,: Season 1: There’s No Such Thing as Fate. Nevertheless,","7/6/21"
"Queer Eye: We're in Japan!: Season 1: Japanese Holiday","7/3/21"
"The Princess and the Frog","7/2/21"
"Fatherhood","7/1/21"
"Queer Eye: Season 1: Dega Don't","7/1/21"
"Queer Eye: Season 1: Saving Sasquatch","6/30/21"
"Queer Eye: Season 1: You Can't Fix Ugly","6/29/21"
"Crash Landing on You: Season 1: Episode 1","6/28/21"
"Crash Landing on You: Season 1: Episode 2","6/28/21"
"Queer Eye: Season 1: Hose Before Bros","6/28/21"
"Queer Eye: Season 1: Below Average Joe","6/28/21"
"Queer Eye: Season 1: The Renaissance of Remington","6/25/21"
"Queer Eye: Season 1: Camp Rules","6/22/21"
"Queer Eye: Season 1: To Gay or Not Too Gay","6/21/21"
"Queer Eye: Season 4: Without Further Ado","6/21/21"
"Queer Eye: Season 5: Body Rock or Bust","6/21/21"
"Queer Eye: Season 5: Paging Dr. Yi","6/18/21"
"Rain Man","6/18/21"
"Queer Eye: Season 5: Father Knows Fish","6/18/21"
"Queer Eye: Season 5: Silver Lining Sweeney","6/16/21"
"Queer Eye: Season 5: DJ's on Repeat","6/15/21"
"Queer Eye: Season 5: The Anxious Activist","6/15/21"
"Queer Eye: Season 5: The North Philadelphia Story","6/15/21"
"Queer Eye: Season 5: Father of the Bride","6/14/21"
"Queer Eye: Season 5: Groomer Has It","6/14/21"
"Queer Eye: Season 5: Preaching Out Loud","6/14/21"
"Money Heist: Part 1: Episode 1","6/7/21"
"Demon Slayer: Kimetsu no Yaiba: Tanjiro Kamado, Unwavering Resolve Arc: New Mission","6/3/21"
"Lucifer: Season 5: A Chance at a Happy Ending","6/3/21"
"Lucifer: Season 5: Is This Really How It's Going to End?!","6/3/21"
"ONE PIECE: East Blue: Episode 1","6/3/21"
"Demon Slayer: Kimetsu no Yaiba: Tanjiro Kamado, Unwavering Resolve Arc: Hinokami","6/2/21"
"Demon Slayer: Kimetsu no Yaiba: Tanjiro Kamado, Unwavering Resolve Arc: A Forged Bond","6/2/21"
"Demon Slayer: Kimetsu no Yaiba: Tanjiro Kamado, Unwavering Resolve Arc: You Must Master a Single Thing","6/2/21"
"Demon Slayer: Kimetsu no Yaiba: Tanjiro Kamado, Unwavering Resolve Arc: Letting Someone Else Go First","6/2/21"
"Demon Slayer: Kimetsu no Yaiba: Tanjiro Kamado, Unwavering Resolve Arc: The Boar Bares Its Fangs, Zenitsu Sleeps","6/1/21"
"Demon Slayer: Kimetsu no Yaiba: Tanjiro Kamado, Unwavering Resolve Arc: Tsuzumi Mansion","6/1/21"
"Demon Slayer: Kimetsu no Yaiba: Tanjiro Kamado, Unwavering Resolve Arc: Together Forever","6/1/21"
"Demon Slayer: Kimetsu no Yaiba: Tanjiro Kamado, Unwavering Resolve Arc: Temari Demon and Arrow Demon","6/1/21"
"Demon Slayer: Kimetsu no Yaiba: Tanjiro Kamado, Unwavering Resolve Arc: The Smell of Enchanting Blood","6/1/21"
"Lucifer: Season 5: Nothing Lasts Forever","5/30/21"
"Lucifer: Season 5: A Little Harmless Stalking","5/30/21"
"Lucifer: Season 5: Daniel Espinoza: Naked and Afraid","5/30/21"
"Lucifer: Season 5: Resting Devil Face","5/30/21"
"Demon Slayer: Kimetsu no Yaiba: Tanjiro Kamado, Unwavering Resolve Arc: My Own Steel","5/30/21"
"Demon Slayer: Kimetsu no Yaiba: Tanjiro Kamado, Unwavering Resolve Arc: Final Selection","5/29/21"
"Demon Slayer: Kimetsu no Yaiba: Tanjiro Kamado, Unwavering Resolve Arc: Sabito and Makomo","5/29/21"
"Demon Slayer: Kimetsu no Yaiba: Tanjiro Kamado, Unwavering Resolve Arc: Trainer Sakonji Urokodaki","5/29/21"
"Demon Slayer: Kimetsu no Yaiba: Tanjiro Kamado, Unwavering Resolve Arc: Cruelty","5/29/21"
"Lucifer: Season 5: Bloody Celestial Karaoke Jam","5/29/21"
"Lucifer: Season 5: Family Dinner","5/28/21"
"Lucifer: Season 4: Save Lucifer","5/28/21"
"Lucifer: Season 5: Really Sad Devil Guy","5/28/21"
"Lucifer: Season 5: It Never Ends Well for the Chicken","5/28/21"
"Lucifer: Season 5: Spoiler Alert","5/28/21"
"Demon Slayer: Kimetsu no Yaiba: Tanjiro Kamado, Unwavering Resolve Arc: Tsuguko, Kanao Tsuyuri","5/27/21"
"Demon Slayer: Kimetsu no Yaiba: Tanjiro Kamado, Unwavering Resolve Arc: Rehabilitation Training","5/27/21"
"Demon Slayer: Kimetsu no Yaiba: Tanjiro Kamado, Unwavering Resolve Arc: Hashira Meeting","5/27/21"
"Demon Slayer: Kimetsu no Yaiba: Tanjiro Kamado, Unwavering Resolve Arc: Master of the Mansion","5/27/21"
"Demon Slayer: Kimetsu no Yaiba: Tanjiro Kamado, Unwavering Resolve Arc: Against Corps Rules","5/27/21"
"Demon Slayer: Kimetsu no Yaiba: Tanjiro Kamado, Unwavering Resolve Arc: Pretend Family","5/27/21"
"Demon Slayer: Kimetsu no Yaiba: Tanjiro Kamado, Unwavering Resolve Arc: Mount Natagumo","5/27/21"
"Demon Slayer: Kimetsu no Yaiba: Tanjiro Kamado, Unwavering Resolve Arc: The House with the Wisteria Family Crest","5/27/21"
"Demon Slayer: Kimetsu no Yaiba: Tanjiro Kamado, Unwavering Resolve Arc: Something More Important Than Life","5/27/21"
"Demon Slayer: Kimetsu no Yaiba: Tanjiro Kamado, Unwavering Resolve Arc: Muzan Kibutsuji","5/26/21"
"Demon Slayer: Kimetsu no Yaiba: Tanjiro Kamado, Unwavering Resolve Arc: Swordsman Accompanying a Demon","5/26/21"
"Kuroko's Basketball: Season 2: Episode 26","5/21/21"
"The Circle - The Afterparty","5/21/21"
"America's Next Top Model: Season 20: Meet the Guys & Girls of Cycle 20, Part 1","5/21/21"
"The Circle: Season 1: Hello, Circle","5/20/21"
"The Circle: Season 2: And the Winner Is...","5/20/21"
"The Circle: Season 2: The Last Blocking","5/20/21"
"The Circle: Season 2: The Master Plan","5/20/21"
"The Circle: Season 2: Campaigning to Win","5/20/21"
"The Circle: Season 2: A New Twist","5/20/21"
"The Circle: Season 2: Damage Control","5/20/21"
"The Circle: Season 2: Friend Zoned....","5/20/21"
"Emily in Paris: Season 1: Emily in Paris","5/20/21"
"Jane The Virgin: Season 5: Chapter One Hundred","5/18/21"
"Jane The Virgin: Season 5: Chapter Ninety-Nine","5/18/21"
"Jane The Virgin: Season 5: Chapter Ninety-Eight","5/18/21"
"Jane The Virgin: Season 5: Chapter Ninety-Seven","5/18/21"
"Jane The Virgin: Season 5: Chapter Ninety-Six","5/18/21"
"Jane The Virgin: Season 5: Chapter Ninety-Five","5/17/21"
"Jane The Virgin: Season 5: Chapter Ninety-Four","5/17/21"
"Jane The Virgin: Season 5: Chapter Ninety-Three","5/17/21"
"Jane The Virgin: Season 5: Chapter Ninety-Two","5/17/21"
"Jane The Virgin: Season 5: Chapter Ninety-One","5/17/21"
"Jane The Virgin: Season 5: Chapter Ninety","5/17/21"
"Jane The Virgin: Season 5: Chapter Eighty-Nine","5/17/21"
"Jane The Virgin: Season 5: Chapter Eighty-Eight","5/17/21"
"Jane The Virgin: Season 5: Chapter Eighty-Seven","5/17/21"
"Jane The Virgin: Season 5: Chapter Eighty-Six","5/17/21"
"Jane The Virgin: Season 5: Chapter Eighty-Five","5/16/21"
"Jane The Virgin: Season 5: Chapter Eighty-Four","5/16/21"
"Jane The Virgin: Season 5: Chapter Eighty-Three","5/16/21"
"Jane The Virgin: Season 5: Chapter Eighty-Two","5/16/21"
"Jane The Virgin: Season 4: Chapter Eighty-One","5/16/21"
"Jane The Virgin: Season 4: Chapter Eighty","5/15/21"
"Jane The Virgin: Season 4: Chapter Seventy-Nine","5/15/21"
"Jane The Virgin: Season 4: Chapter Seventy-Eight","5/15/21"
"Jane The Virgin: Season 4: Chapter Seventy-Seven","5/15/21"
"Jane The Virgin: Season 4: Chapter Seventy-Six","5/15/21"
"Jane The Virgin: Season 4: Chapter Seventy-Five","5/14/21"
"Jane The Virgin: Season 4: Chapter Seventy-Four","5/14/21"
"Jane The Virgin: Season 4: Chapter Seventy-Three","5/14/21"
"Jane The Virgin: Season 4: Chapter Seventy-Two","5/14/21"
"Jane The Virgin: Season 4: Chapter Seventy-One","5/14/21"
"Jane The Virgin: Season 4: Chapter Seventy","5/14/21"
"Jane The Virgin: Season 4: Chapter Sixty-Nine","5/14/21"
"Jane The Virgin: Season 4: Chapter Sixty-Eight","5/14/21"
"Jane The Virgin: Season 4: Chapter Sixty-Seven","5/14/21"
"Jane The Virgin: Season 4: Chapter Sixty-Six","5/14/21"
"Jane The Virgin: Season 4: Chapter Sixty-Five","5/14/21"
"Jane The Virgin: Season 3: Chapter Sixty-Four","5/14/21"
"Jane The Virgin: Season 3: Chapter Sixty-Three","5/14/21"
"Jane The Virgin: Season 3: Chapter Sixty-Two","5/13/21"
"Jane The Virgin: Season 3: Chapter Sixty-One","5/13/21"
"Jane The Virgin: Season 3: Chapter Sixty","5/13/21"
"Jane The Virgin: Season 3: Chapter Fifty-Nine","5/13/21"
"Jane The Virgin: Season 3: Chapter Fifty-Eight","5/13/21"
"Jane The Virgin: Season 3: Chapter Fifty-Seven","5/13/21"
"Jane The Virgin: Season 3: Chapter Fifty-Six","5/13/21"
"Jane The Virgin: Season 3: Chapter Fifty-Five","5/13/21"
"Jane The Virgin: Season 3: Chapter Fifty-Four","5/13/21"
"Jane The Virgin: Season 3: Chapter Fifty-Three","5/13/21"
"Jane The Virgin: Season 3: Chapter Fifty-Two","5/13/21"
"Jane The Virgin: Season 3: Chapter Fifty-One","5/12/21"
"Jane The Virgin: Season 3: Chapter Fifty","5/12/21"
"Jane The Virgin: Season 3: Chapter Forty-Nine","5/12/21"
"Jane The Virgin: Season 3: Chapter Forty-Eight","5/12/21"
"Jane The Virgin: Season 3: Chapter Forty-Seven","5/12/21"
"Jane The Virgin: Season 3: Chapter Forty-Six","5/12/21"
"Jane The Virgin: Season 3: Chapter Forty-Five","5/12/21"
"Jane The Virgin: Season 2: Chapter Forty-Four","5/12/21"
"Jane The Virgin: Season 2: Chapter Forty-Three","5/12/21"
"Jane The Virgin: Season 2: Chapter Forty-Two","5/12/21"
"Jane The Virgin: Season 2: Chapter Forty-One","5/12/21"
"Jane The Virgin: Season 2: Chapter Forty","5/12/21"
"Jane The Virgin: Season 2: Chapter Thirty-Nine","5/11/21"
"Jane The Virgin: Season 2: Chapter Thirty-Eight","5/11/21"
"Jane The Virgin: Season 2: Chapter Thirty-Seven","5/11/21"
"Jane The Virgin: Season 2: Chapter Thirty-Six","5/11/21"
"Jane The Virgin: Season 2: Chapter Thirty-Five","5/11/21"
"Jane The Virgin: Season 2: Chapter Thirty-Four","5/11/21"
"Jane The Virgin: Season 2: Chapter Thirty-Three","5/11/21"
"Jane The Virgin: Season 2: Chapter Thirty-Two","5/11/21"
"Jane The Virgin: Season 2: Chapter Thirty-One","5/10/21"
"Jane The Virgin: Season 2: Chapter Thirty","5/10/21"
"Jane The Virgin: Season 2: Chapter Twenty-Nine","5/10/21"
"Jane The Virgin: Season 2: Chapter Twenty-Eight","5/10/21"
"Jane The Virgin: Season 2: Chapter Twenty-Seven","5/10/21"
"Jane The Virgin: Season 2: Chapter Twenty-Six","5/10/21"
"Jane The Virgin: Season 2: Chapter Twenty-Five","5/10/21"
"Jane The Virgin: Season 2: Chapter Twenty-Four","5/10/21"
"Jane The Virgin: Season 2: Chapter Twenty-Three","5/10/21"
"Jane The Virgin: Season 1: Chapter Twenty-Two","5/10/21"
"Jane The Virgin: Season 1: Chapter Twenty-One","5/9/21"
"I'm Thinking of Ending Things","5/9/21"
"Jane The Virgin: Season 1: Chapter Twenty","5/8/21"
"Jane The Virgin: Season 1: Chapter Nineteen","5/8/21"
"Jane The Virgin: Season 1: Chapter Eighteen","5/8/21"
"Jane The Virgin: Season 1: Chapter Seventeen","5/8/21"
"Jane The Virgin: Season 1: Chapter Sixteen","5/8/21"
"Jane The Virgin: Season 1: Chapter Fifteen","5/8/21"
"Jane The Virgin: Season 1: Chapter Fourteen","5/8/21"
"Jane The Virgin: Season 1: Chapter Thirteen","5/7/21"
"Jane The Virgin: Season 1: Chapter Twelve","5/7/21"
"Jane The Virgin: Season 1: Chapter Eleven","5/7/21"
"Jane The Virgin: Season 1: Chapter Ten","5/7/21"
"Jane The Virgin: Season 1: Chapter Nine","5/7/21"
"Jane The Virgin: Season 1: Chapter Eight","5/7/21"
"Sexify: Season 1: Episode 1","5/6/21"
"Jane The Virgin: Season 1: Chapter Seven","5/5/21"
"Jane The Virgin: Season 1: Chapter Six","5/5/21"
"Jane The Virgin: Season 1: Chapter Five","5/5/21"
"Jane The Virgin: Season 1: Chapter Four","5/4/21"
"Jane The Virgin: Season 1: Chapter Three","5/4/21"
"Jane The Virgin: Season 1: Chapter Two","5/4/21"
"Jane The Virgin: Season 1: Chapter One: Pilot","5/4/21"
"The Baker and the Beauty: Season 1: You Can't Always Get What You Want","5/3/21"
"The Baker and the Beauty: Season 1: May I Have This Dance","5/3/21"
"The Baker and the Beauty: Season 1: Blow Out","5/1/21"
"Yasuke: Season 1: Ronin","5/1/21"
"The Circle: Season 2: A Love Triangle","4/30/21"
"The Circle: Season 2: Snake in the Grass","4/30/21"
"The Baker and the Beauty: Season 1: Side Effects","4/28/21"
"The Baker and the Beauty: Season 1: Honeymoon's Over","4/27/21"
"The Baker and the Beauty: Season 1: I Think She's Coming Out","4/24/21"
"The Baker and the Beauty: Season 1: Get Carried Away","4/23/21"
"The Baker and the Beauty: Season 1: Ruin My Life","4/23/21"
"The Baker and the Beauty: Season 1: Pilot","4/23/21"
"The Good Place: Season 1: Everything Is Fine","4/23/21"
"iCarly: Season 2: iGo to Japan","4/23/21"
"iCarly: Season 2: iDate a Bad Boy","4/21/21"
"iCarly: Season 2: iFight Shelby Marx","4/19/21"
"Too Hot to Handle: Season 1: Extra Hot: The Reunion","4/18/21"
"Too Hot to Handle: Season 1: Lust or Bust","4/18/21"
"Too Hot to Handle: Season 1: Sisters over Misters","4/17/21"
"Too Hot to Handle: Season 1: The Bryce Isn't Right","4/17/21"
"Too Hot to Handle: Season 1: Boys to Men","4/17/21"
"Too Hot to Handle: Season 1: Two's Company, Three's a ... Threesome","4/17/21"
"Too Hot to Handle: Season 1: Revenge Is a Dish Best Served Hot","4/17/21"
"Too Hot to Handle: Season 1: When Harry Met Francesca","4/17/21"
"The Circle: Season 2: Lines Are Drawn","4/17/21"
"The Circle: Season 2: Bye, Bye, Bye!","4/17/21"
"War Dogs","4/16/21"
"The Circle: Season 2: Alliances Are Formed","4/16/21"
"The Circle: Season 2: Back and More Savage Than Ever","4/16/21"
"iCarly: Season 2: iQuit iCarly","4/16/21"
"iCarly: Season 2: iPsycho","4/16/21"
"iCarly: Season 2: iBloop","4/16/21"
"iCarly: Season 2: iBeat the Heat","4/16/21"
"iCarly: Season 2: iMove Out","4/15/21"
"iCarly: Season 2: iBelieve in Bigfoot","4/15/21"
"iCarly: Season 2: iSpace Out","4/15/21"
"iCarly: Season 2: iWon't Cancel the Show","4/15/21"
"iCarly: Season 2: iWas a Pageant Girl","4/15/21"
"iCarly: Season 2: iFind Lewbert's Lost Love","4/15/21"
"iCarly: Season 2: iEnrage Gibby","4/15/21"
"iCarly: Season 2: iSaved Your Life","4/15/21"
"iCarly: Season 2: iFix a Pop Star","4/15/21"
"iCarly: Season 2: iSpeed Date","4/15/21"
"iCarly: Season 2: iHave My Principals","4/15/21"
"iCarly: Season 2: iCook","4/15/21"
"iCarly: Season 2: iThink They Kissed","4/15/21"
"iCarly: Season 2: iTake on Dingo","4/15/21"
"iCarly: Season 2: iTwins","4/15/21"
"iCarly: Season 2: iCarly Awards","4/13/21"
"The Way of the Househusband: Season 1: Episode 2","4/13/21"
"The Way of the Househusband: Season 1: Episode 1","4/13/21"
"iCarly: Season 2: iMust Have Locker 239","4/12/21"
"iCarly: Season 2: iWant My Website Back","4/12/21"
"iCarly: Season 2: iReunite with Missy","4/10/21"
"iCarly: Season 2: iMake Sam Girlier","4/9/21"
"iCarly: Season 2: iRocked the Vote","4/9/21"
"iCarly: Season 2: i Go Nuclear","4/9/21"
"iCarly: Season 2: iLook Alike","4/9/21"
"iCarly: Season 2: iMeet Fred","4/9/21"
"iCarly: Season 2: iGive Away a Car","4/8/21"
"iCarly: Season 2: iKiss","4/8/21"
"iCarly: Season 2: iChristmas","4/8/21"
"iCarly: Season 2: iPie","4/5/21"
"Legally Blonde","4/5/21"
"iCarly: Season 2: iHurt Lewbert","4/3/21"
"iCarly: Season 2: iOwe You","3/30/21"
"iCarly: Season 2: iStage an Intervention","3/30/21"
"Good Girls: Season 1: Mo Money Mo Problems","3/29/21"
"iCarly: Season 2: iSaw Him First","3/27/21"
"iCarly: Season 1: iHave a Love Sick Teacher","3/26/21"
"iCarly: Season 1: iWin a Date","3/26/21"
"iCarly: Season 1: iFence","3/26/21"
"iCarly: Season 1: iMight Switch Schools","3/26/21"
"iCarly: Season 1: iStakeout","3/26/21"
"iCarly: Season 1: iHate Sam's Boyfriend","3/26/21"
"iCarly: Season 1: iCarly Saves TV","3/26/21"
"iCarly: Season 1: iPromise Not to Tell","3/26/21"
"iCarly: Season 1: iPromote Tech-Foots","3/26/21"
"To All The Boys: Always And Forever","3/23/21"
"Dirty Money: Season 2: The Wagon Wheel","3/23/21"
"To All the Boys: P.S. I Still Love You","3/19/21"
"iCarly: Season 1: iGot Detention","3/17/21"
"iCarly: Season 1: iRue the Day","3/17/21"
"iCarly: Season 1: iScream on Halloween","3/17/21"
"iCarly: Season 1: iDream of Dance","3/17/21"
"iCarly: Season 1: iDont Want to Fight","3/17/21"
"Good Girls: Season 1: Pilot","3/10/21"
"Little Witch Academia: Season 1: Starting Over","3/1/21"
"Victorious: Season 1: The Bird Scene","3/1/21"
"Victorious: Season 1: Pilot","3/1/21"
"iCarly: Season 1: iHatch Chicks","3/1/21"
"iCarly: Season 1: iAm Your Biggest Fan","3/1/21"
"iCarly: Season 1: iHeart Art","3/1/21"
"iCarly: Season 1: iWill Date Freddie","3/1/21"
"iCarly: Season 1: iWant a World Record","2/28/21"
"iCarly: Season 1: iSpy a Mean Teacher","2/27/21"
"Ginny & Georgia: Season 1: The Worst Betrayal Since Jordyn and Kylie","2/27/21"
"Ginny & Georgia: Season 1: Feelings Are Hard","2/27/21"
"Ginny & Georgia: Season 1: Check One, Check Other","2/27/21"
"Ginny & Georgia: Season 1: Happy Sweet Sixteen, Jerk","2/27/21"
"Ginny & Georgia: Season 1: I’m Triggered","2/26/21"
"Ginny & Georgia: Season 1: Boo, Bitch","2/26/21"
"Ginny & Georgia: Season 1: Lydia Bennet Is Hundo a Feminist","2/26/21"
"Ginny & Georgia: Season 1: Next Level Rich People Sh*t","2/26/21"
"Ginny & Georgia: Season 1: It's a Face Not a Mask","2/26/21"
"Ginny & Georgia: Season 1: Pilot","2/26/21"
"iCarly: Season 1: iWanna Stay With Spencer","2/26/21"
"iCarly: Season 1: iNevel","2/20/21"
"iCarly: Season 1: iWant More Viewers","2/20/21"
"iCarly: Season 1: iLike Jake","2/20/21"
"iCarly: Season 1: iPilot","2/20/21"
"Cobra Kai: Season 3: December 19","2/8/21"
"All The Bright Places","2/4/21"
"Cobra Kai: Season 3: Feel the Night","2/3/21"
"Cobra Kai: Season 3: The Good, The Bad, and The Badass","2/3/21"
"Cobra Kai: Season 3: Obstáculos","2/3/21"
"Cobra Kai: Season 3: King Cobra","2/3/21"
"Cobra Kai: Season 3: Miyagi-Do","2/3/21"
"Cobra Kai: Season 3: The Right Path","2/3/21"
"Cobra Kai: Season 3: Now You’re Gonna Pay","2/1/21"
"Cobra Kai: Season 3: Nature Vs. Nurture","2/1/21"
"Cobra Kai: Season 3: Aftermath","2/1/21"
"Cobra Kai: Season 2: No Mercy","2/1/21"
"Cobra Kai: Season 2: Pulpo","2/1/21"
"Cobra Kai: Season 2: Glory of Love","2/1/21"
"Cobra Kai: Season 2: Lull","1/27/21"
"Cobra Kai: Season 2: Take a Right","1/27/21"
"Cobra Kai: Season 2: All In","1/27/21"
"Cobra Kai: Season 2: The Moment of Truth","1/27/21"
"Cobra Kai: Season 2: Fire and Ice","1/26/21"
"Fate: The Winx Saga: Season 1: To the Waters and the Wild","1/26/21"
"Haikyu!!: A Coward's Anxiety","1/26/21"
"Haikyu!!: Karasuno High School Volleyball Club","1/26/21"
"Ouran High School Host Club: Season 1: A Challenge from Lobelia Girls' Academy!","1/25/21"
"Ouran High School Host Club: Season 1: The Sun, the Sea and the Host Club!","1/25/21"
"Ouran High School Host Club: Season 1: Jungle Pool SOS!","1/25/21"
"Kuroko's Basketball: Season 1: Episode 25","1/22/21"
"Kuroko's Basketball: Season 1: Episode 24","1/22/21"
"Kuroko's Basketball: Season 1: Episode 23","1/22/21"
"Kuroko's Basketball: Season 1: Kuroko's Basketball: Tip Off","1/22/21"
"Kuroko's Basketball: Season 1: Episode 22","1/22/21"
"Kuroko's Basketball: Season 1: Episode 21","1/22/21"
"Kuroko's Basketball: Season 1: Episode 20","1/22/21"
"Kuroko's Basketball: Season 1: Episode 19","1/22/21"
"Kuroko's Basketball: Season 1: Episode 18","1/21/21"
"Kuroko's Basketball: Season 1: Episode 17","1/21/21"
"Kuroko's Basketball: Season 1: Episode 16","1/21/21"
"Kuroko's Basketball: Season 1: Episode 15","1/21/21"
"Kuroko's Basketball: Season 1: Episode 14","1/21/21"
"Kuroko's Basketball: Season 1: Episode 13","1/21/21"
"Kuroko's Basketball: Season 1: Episode 12","1/21/21"
"Kuroko's Basketball: Season 1: Episode 11","1/20/21"
"Kuroko's Basketball: Season 1: Episode 10","1/20/21"
"Kuroko's Basketball: Season 1: Episode 9","1/20/21"
"Kuroko's Basketball: Season 1: Episode 8","1/20/21"
"Kuroko's Basketball: Season 1: Episode 7","1/19/21"
"Kuroko's Basketball: Season 1: Episode 6","1/19/21"
"Kuroko's Basketball: Season 1: Episode 5","1/18/21"
"Kuroko's Basketball: Season 1: Episode 4","1/18/21"
"Kuroko's Basketball: Season 1: Episode 3","1/18/21"
"Kuroko's Basketball: Season 1: Episode 2","1/18/21"
"Kuroko's Basketball: Season 1: Episode 1","1/18/21"
"Ouran High School Host Club: Season 1: The Grade School Host is the Naughty Type!","1/18/21"
"Ouran High School Host Club: Season 1: The Twins Fight!","1/17/21"
"Ouran High School Host Club: Season 1: Attack of the Lady Manager!","1/17/21"
"Ouran High School Host Club: Season 1: Beware the Physical Exam!","1/17/21"
"The Good Place: Season 4: Whenever You're Ready","1/17/21"
"The Good Place: Season 4: Patty","1/17/21"
"The Good Place: Season 4: Mondays, Am I Right?","1/16/21"
"The Good Place: Season 4: You've Changed, Man","1/16/21"
"The Good Place: Season 4: The Answer","1/16/21"
"The Good Place: Season 4: The Funerals To End All Funerals","1/16/21"
"The Good Place: Season 4: Help is Other People","1/16/21"
"The Good Place: Season 4: A Chip Driver Mystery","1/16/21"
"Bridgerton: Season 1: After the Rain","1/16/21"
"Bridgerton: Season 1: Oceans Apart","1/15/21"
"Bridgerton: Season 1: Swish","1/15/21"
"Bridgerton: Season 1: The Duke and I","1/14/21"
"Bridgerton: Season 1: An Affair of Honor","1/14/21"
"Bridgerton: Season 1: Art of the Swoon","1/14/21"
"Bridgerton: Season 1: Shock and Delight","1/14/21"
"Bridgerton: Season 1: Diamond of the First Water","1/14/21"
"Creating The Queen's Gambit","1/14/21"
"The Queen's Gambit: Limited Series: End Game","1/14/21"
"The Queen's Gambit: Limited Series: Adjournment","1/14/21"
"The Queen's Gambit: Limited Series: Fork","1/13/21"
"The Queen's Gambit: Limited Series: Middle Game","1/13/21"
"The Queen's Gambit: Limited Series: Doubled Pawns","1/13/21"
"The Queen's Gambit: Limited Series: Exchanges","1/13/21"
"The Queen's Gambit: Limited Series: Openings","1/13/21"
"Start-Up: Season 1: START-UP","1/6/21"
"Rango","12/30/20"
"DEATH NOTE: Death Note: New World","12/24/20"
"DEATH NOTE: Death Note: 1.28","12/24/20"
"DEATH NOTE: Death Note: Malice","12/24/20"
"DEATH NOTE: Death Note: Vigilance","12/24/20"
"DEATH NOTE: Death Note: Scorn","12/24/20"
"DEATH NOTE: Death Note: Selection","12/24/20"
"DEATH NOTE: Death Note: Transfer","12/24/20"
"DEATH NOTE: Death Note: Justice","12/24/20"
"DEATH NOTE: Death Note: Father","12/24/20"
"DEATH NOTE: Death Note: Impatience","12/24/20"
"DEATH NOTE: Death Note: Abduction","12/24/20"
"DEATH NOTE: Death Note: Renewal","12/24/20"
"DEATH NOTE: Death Note: Silence","12/24/20"
"DEATH NOTE: Death Note: Revival","12/24/20"
"DEATH NOTE: Death Note: Frenzy","12/24/20"
"DEATH NOTE: Death Note: Guidance","12/24/20"
"The Office (U.S.): Season 5: Blood Drive","12/24/20"
"DEATH NOTE: Death Note: Performance","12/23/20"
"DEATH NOTE: Death Note: Makeshift","12/23/20"
"DEATH NOTE: Death Note: Matsuda","12/23/20"
"DEATH NOTE: Death Note: Ally","12/23/20"
"DEATH NOTE: Death Note: Execution","12/23/20"
"DEATH NOTE: Death Note: Decision","12/23/20"
"DEATH NOTE: Death Note: Wager","12/23/20"
"DEATH NOTE: Death Note: Friend","12/22/20"
"DEATH NOTE: Death Note: Confession","12/22/20"
"DEATH NOTE: Death Note: Love","12/22/20"
"DEATH NOTE: Death Note: Assault","12/22/20"
"DEATH NOTE: Death Note: Doubt","12/14/20"
"DEATH NOTE: Death Note: Encounter","12/14/20"
"DEATH NOTE: Death Note: Glare","12/14/20"
"DEATH NOTE: Death Note: Overcast","12/14/20"
"DEATH NOTE: Death Note: Unraveling","12/14/20"
"DEATH NOTE: Death Note: Tactics","12/14/20"
"DEATH NOTE: Death Note: Pursuit","12/14/20"
"DEATH NOTE: Death Note: Dealings","12/14/20"
"DEATH NOTE: Death Note: Rebirth","12/14/20"
"Death Note","12/14/20"
"Jurassic Park","12/4/20"
"Ouran High School Host Club: Season 1: The Job of a High School Host!","11/30/20"
"Ouran High School Host Club: Season 1: Starting Today, You Are a Host!","11/30/20"
"Kevin Hart: Zero F**ks Given","11/30/20"
"If Anything Happens I Love You","11/29/20"
"Lagaan","11/24/20"
"3 Idiots","11/24/20"
"Ocean's Eleven","11/13/20"
"Easy A","11/11/20"
"The Office (U.S.): Season 5: Lecture Circuit: Part 2","10/18/20"
"The Office (U.S.): Season 5: Lecture Circuit: Part 1","10/18/20"
"Monty Python's Life of Brian","10/16/20"
"Monty Python and the Holy Grail","10/16/20"
"The Office (U.S.): Season 5: Stress Relief: Part 2","10/15/20"
"The Office (U.S.): Season 5: Stress Relief: Part 1","10/15/20"
"The Office (U.S.): Season 5: Prince Family Paper","10/15/20"
"The Office (U.S.): Season 5: The Duel","10/15/20"
"The Office (U.S.): Season 5: Moroccan Christmas","10/14/20"
"The Office (U.S.): Season 5: The Surplus","10/14/20"
"The Office (U.S.): Season 5: Frame Toby","10/14/20"
"The Office (U.S.): Season 5: Business Trip","10/14/20"
"The Office (U.S.): Season 5: Customer Survey","10/13/20"
"The Office (U.S.): Season 5: Employee Transfer","10/13/20"
"The Office (U.S.): Season 5: Crime Aid","10/9/20"
"The Office (U.S.): Season 5: Baby Shower","10/8/20"
"The Office (U.S.): Season 5: Business Ethics","10/8/20"
"The Office (U.S.): Season 5: Weight Loss: Part 2","10/8/20"
"The Office (U.S.): Season 5: Weight Loss: Part 1","10/7/20"
"The Office (U.S.): Season 4: Goodbye, Toby","10/7/20"
"The Office (U.S.): Season 4: Job Fair","10/6/20"
"The Office (U.S.): Season 4: Did I Stutter","10/6/20"
"The Good Place: Season 4: Employee of the Bearimy","10/2/20"
"The Good Place: Season 4: Tinker, Tailor, Demon, Spy","10/1/20"
"The Good Place: Season 4: Chillaxing","10/1/20"
"The Good Place: Season 4: A Girl From Arizona - Part 2","10/1/20"
"The Office (U.S.): Season 4: Night Out","9/28/20"
"The Office (U.S.): Season 4: The Chair Model","9/28/20"
"The Office (U.S.): Season 4: Dinner Party","9/27/20"
"The Good Place: Season 4: A Girl From Arizona - Part 1","9/26/20"
"The Office (U.S.): Season 4: The Deposition","9/24/20"
"The Office (U.S.): Season 4: Survivor Man","9/22/20"
"The Office (U.S.): Season 4: Branch Wars","9/22/20"
"The Office (U.S.): Season 4: Local Ad","9/21/20"
"The Office (U.S.): Season 4: Money","9/21/20"
"The Office (U.S.): Season 4: Launch Party","9/21/20"
"Violet Evergarden: Season 1: Episode 2","9/18/20"
"Violet Evergarden: Season 1: Episode 1","9/18/20"
"The Office (U.S.): Season 4: Dunder Mifflin Infinity","9/18/20"
"The Office (U.S.): Season 4: Fun Run","9/16/20"
"The Office (U.S.): Season 3: The Job","9/15/20"
"The Office (U.S.): Season 3: Beach Games","9/15/20"
"The Office (U.S.): Season 3: Women's Appreciation","9/15/20"
"The Office (U.S.): Season 3: Product Recall","9/15/20"
"The Office (U.S.): Season 3: Safety Training","9/14/20"
"The Office (U.S.): Season 3: The Negotiation","9/13/20"
"The Office (U.S.): Season 3: Cocktails","9/12/20"
"The Office (U.S.): Season 3: Business School","9/12/20"
"The Office (U.S.): Season 3: Phyllis's Wedding","9/12/20"
"The Office (U.S.): Season 3: Ben Franklin","9/12/20"
"The Office (U.S.): Season 3: The Return","9/12/20"
"The Office (U.S.): Season 3: Traveling Salesmen","9/12/20"
"The Office (U.S.): Season 3: Back from Vacation","9/12/20"
"The Office (U.S.): Season 3: A Benihana Christmas","9/12/20"
"The Firm","9/11/20"
"The Office (U.S.): Season 3: The Convict","9/11/20"
"The Office (U.S.): Season 3: The Merger","9/10/20"
"The Office (U.S.): Season 3: Branch Closing","9/10/20"
"The Office (U.S.): Season 3: Diwali","9/10/20"
"The Office (U.S.): Season 3: Initiation","9/10/20"
"The Office (U.S.): Season 3: Grief Counseling","9/10/20"
"The Office (U.S.): Season 3: The Coup","9/10/20"
"The Office (U.S.): Season 3: The Convention","9/10/20"
"The Office (U.S.): Season 3: Gay Witch Hunt","9/10/20"
"The Office (U.S.): Season 2: Casino Night","9/10/20"
"The Office (U.S.): Season 2: Conflict Resolution","9/10/20"
"The Office (U.S.): Season 2: Drug Testing","9/10/20"
"The Office (U.S.): Season 2: Michael's Birthday","9/10/20"
"The Office (U.S.): Season 2: Take Your Daughter to Work Day","9/10/20"
"The Office (U.S.): Season 2: Dwight's Speech","9/10/20"
"The Office (U.S.): Season 2: Valentine's Day","9/10/20"
"The Office (U.S.): Season 2: Boys and Girls","9/10/20"
"The Office (U.S.): Season 2: The Carpet","9/9/20"
"The Office (U.S.): Season 2: The Secret","9/8/20"
"The Office (U.S.): Season 2: The Injury","9/8/20"
"The Office (U.S.): Season 2: Booze Cruise","9/8/20"
"The Office (U.S.): Season 2: Christmas Party","9/8/20"
"The Office (U.S.): Season 2: Email Surveillance","9/8/20"
"The Office (U.S.): Season 2: Performance Review","9/5/20"
"The Office (U.S.): Season 2: The Client","9/5/20"
"The Office (U.S.): Season 2: The Fight","9/5/20"
"The Office (U.S.): Season 2: Halloween","9/5/20"
"The Office (U.S.): Season 2: The Fire","9/5/20"
"The Office (U.S.): Season 2: Office Olympics","9/5/20"
"The Office (U.S.): Season 2: Sexual Harassment","9/4/20"
"The Office (U.S.): Season 2: The Dundies","9/4/20"
"The Office (U.S.): Season 1: Hot Girl","9/4/20"
"The Office (U.S.): Season 1: Basketball","9/4/20"
"The Office (U.S.): Season 1: The Alliance","9/3/20"
"The Office (U.S.): Season 1: Health Care","9/3/20"
"The Office (U.S.): Season 1: Diversity Day","9/3/20"
"The Office (U.S.): Season 1: Pilot","9/3/20"
"Kevin Hart: What Now?","9/3/20"
"Three Wives One Husband: Season 1: Episode 4","9/3/20"
"Three Wives One Husband: Season 1: Episode 3","9/3/20"
"Three Wives One Husband: Season 1: Episode 2","9/1/20"
"Three Wives One Husband: Season 1: Episode 1","9/1/20"
"My Hotter Half: Season 1: Darren & Charlotte and Matt & Rachel","8/30/20"
"Indian Matchmaking: Season 1: Slim, Trim and Educated","8/30/20"
"Murder Mystery","8/30/20"
"The Other Guys","8/30/20"
"Kevin Hart: Irresponsible","8/30/20"
"Great Pretender: Season 1: Case 1_1: Los Angeles Connection","8/28/20"
"Lucifer: Season 5: Our Mojo","8/27/20"
"Lucifer: Season 5: BlueBallz","8/27/20"
"Lucifer: Season 5: Detective Amenadiel","8/27/20"
"Lucifer: Season 5: ¡Diablo!","8/25/20"
"Lucifer: Season 5: Lucifer! Lucifer! Lucifer!","8/24/20"
"The Legend of Korra: Book Four: Balance: The Last Stand","8/24/20"
"The Legend of Korra: Book Four: Balance: Day of the Colossus","8/24/20"
"The Legend of Korra: Book Four: Balance: Kuvira's Gambit","8/24/20"
"The Legend of Korra: Book Four: Balance: Operation: Beifong","8/23/20"
"The Legend of Korra: Book Four: Balance: Beyond the Wilds","8/23/20"
"The Legend of Korra: Book Four: Balance: Remembrances","8/23/20"
"The Legend of Korra: Book Four: Balance: Reunion","8/23/20"
"The Legend of Korra: Book Four: Balance: The Battle of Zaofu","8/22/20"
"The Legend of Korra: Book Four: Balance: Enemy at the Gates","8/22/20"
"The Legend of Korra: Book Four: Balance: The Calling","8/22/20"
"The Legend of Korra: Book Four: Balance: The Coronation","8/22/20"
"The Legend of Korra: Book Four: Balance: Korra Alone","8/22/20"
"The Legend of Korra: Book Four: Balance: After All These Years","8/22/20"
"The Legend of Korra: Book Three: Change: Venom of the Red Lotus","8/22/20"
"The Legend of Korra: Book Three: Change: Enter the Void","8/22/20"
"Django Unchained","8/22/20"
"The Legend of Korra: Book Three: Change: The Ultimatum","8/22/20"
"The Legend of Korra: Book Three: Change: Long Live the Queen","8/22/20"
"The Legend of Korra: Book Three: Change: The Stakeout","8/22/20"
"The Legend of Korra: Book Three: Change: The Terror Within","8/21/20"
"The Legend of Korra: Book Three: Change: Original Airbenders","8/21/20"
"The Legend of Korra: Book Three: Change: Old Wounds","8/21/20"
"The Legend of Korra: Book Three: Change: The Metal Clan","8/21/20"
"The Legend of Korra: Book Three: Change: In Harm's Way","8/20/20"
"The Legend of Korra: Book Three: Change: The Earth Queen","8/20/20"
"The Legend of Korra: Book Three: Change: Rebirth","8/20/20"
"The Legend of Korra: Book Three: Change: A Breath of Fresh Air","8/20/20"
"The Legend of Korra: Book Two: Spirits: Light in the Dark","8/20/20"
"The Legend of Korra: Book Two: Spirits: Darkness Falls","8/19/20"
"The Legend of Korra: Book Two: Spirits: Harmonic Convergence","8/19/20"
"The Legend of Korra: Book Two: Spirits: Night of a Thousand Stars","8/19/20"
"The Legend of Korra: Book Two: Spirits: A New Spiritual Age","8/19/20"
"The Legend of Korra: Book Two: Spirits: The Guide","8/18/20"
"The Legend of Korra: Book Two: Spirits: Beginnings: Part 2","8/18/20"
"The Legend of Korra: Book Two: Spirits: Beginnings: Part 1","8/18/20"
"The Legend of Korra: Book Two: Spirits: The Sting","8/18/20"
"The Legend of Korra: Book Two: Spirits: Peacekeepers","8/18/20"
"The Legend of Korra: Book Two: Spirits: Civil Wars: Part 2","8/18/20"
"The Legend of Korra: Book Two: Spirits: Civil Wars: Part 1","8/18/20"
"The Legend of Korra: Book Two: Spirits: The Southern Lights","8/18/20"
"The Legend of Korra: Book Two: Spirits: Rebel Spirit","8/17/20"
"The Legend of Korra: Book One: Air: Endgame","8/17/20"
"The Legend of Korra: Book One: Air: Skeletons in the Closet","8/17/20"
"Violet Evergarden: Special: Extra Episode: Episode 1","8/17/20"
"Violet Evergarden: Eternity and the Auto Memory Doll","8/17/20"
"Violet Evergarden: Season 1: Episode 13","8/17/20"
"Violet Evergarden: Season 1: Episode 12","8/17/20"
"The Legend of Korra: Book One: Air: Turning the Tides","8/15/20"
"The Legend of Korra: Book One: Air: Out of the Past","8/15/20"
"The Legend of Korra: Book One: Air: When Extremes Meet","8/15/20"
"The Legend of Korra: Book One: Air: The Aftermath","8/15/20"
"The Legend of Korra: Book One: Air: And the Winner Is…","8/15/20"
"The Legend of Korra: Book One: Air: The Spirit of Competition","8/15/20"
"The Legend of Korra: Book One: Air: The Voice in the Night","8/15/20"
"The Legend of Korra: Book One: Air: The Revelation","8/15/20"
"The Legend of Korra: Book One: Air: A Leaf in the Wind","8/15/20"
"The Legend of Korra: Book One: Air: Welcome to Republic City","8/15/20"
"Violet Evergarden: Season 1: Episode 5","8/14/20"
"Violet Evergarden: Season 1: Episode 4","8/14/20"
"Violet Evergarden: Season 1: Episode 3","8/14/20"
"Violet Evergarden: Season 1: Episode 11","8/14/20"
"Violet Evergarden: Season 1: Episode 10","8/14/20"
"Violet Evergarden: Season 1: Episode 9","8/14/20"
"Violet Evergarden: Season 1: Episode 8","8/14/20"
"Violet Evergarden: Season 1: Episode 7","8/14/20"
"Violet Evergarden: Season 1: Episode 6","8/13/20"
"Ouran High School Host Club: Season 1: This is Our Ouran Fair!","8/13/20"
"Ouran High School Host Club: Season 1: The Host Club Declares Dissolution!","8/13/20"
"Ouran High School Host Club: Season 1: And so Kyoya Met Him!","8/13/20"
"Ouran High School Host Club: Season 1: Tamaki's Unwitting Depression!","8/13/20"
"Ouran High School Host Club: Season 1: Mori-senpai Has an Apprentice Candidate!","8/13/20"
"Ouran High School Host Club: Season 1: Until the Day it Becomes a Pumpkin!","8/12/20"
"Ouran High School Host Club: Season 1: The Door the Twins Opened!","8/12/20"
"Ouran High School Host Club: Season 1: Lobelia Girls' Academy Strikes Back!","8/12/20"
"Ouran High School Host Club: Season 1: Chika's 'Down with Honey' Declaration!","8/12/20"
"Ouran High School Host Club: Season 1: Kyoya's Reluctant Day Out!","8/12/20"
"Ouran High School Host Club: Season 1: Operation Haruhi and Hikaru's First Date!","8/12/20"
"Ouran High School Host Club: Season 1: The Refreshing Battle in Karuizawa!","8/12/20"
"Ouran High School Host Club: Season 1: Covering the Famous Host Club!","8/12/20"
"Ouran High School Host Club: Season 1: Haruhi in Wonderland!","8/11/20"
"Ouran High School Host Club: Season 1: Honey's Three Bitter Days!","8/11/20"
"Ouran High School Host Club: Season 1: Big Brother is a Prince!","8/11/20"
"Ouran High School Host Club: Season 1: A Day in the Life of the Fujioka Family!","8/11/20"
"The Good Place: Season 3: Pandemonium","8/10/20"
"The Good Place: Season 3: Chidi Sees the Time-Knife","8/10/20"
"The Good Place: Season 3: The Book of Dougs","8/10/20"
"The Good Place: Season 3: Janet(s)","8/10/20"
"The Good Place: Season 3: Don't Let the Good Life Pass You By","8/10/20"
"The Good Place: Season 3: The Worst Possible Use of Free Will","8/10/20"
"The Good Place: Season 3: A Fractured Inheritance","8/10/20"
"The Good Place: Season 3: The Ballad of Donkey Doug","8/10/20"
"The Good Place: Season 3: Jeremy Bearimy","8/10/20"
"The Good Place: Season 3: The Snowplow","8/10/20"
"The Good Place: Season 3: The Brainy Bunch","8/10/20"
"The Good Place: Season 3: Everything is Bonzer","8/10/20"
"The Good Place: Season 2: Somewhere Else","8/10/20"
"The Good Place: Season 2: The Burrito","8/10/20"
"The Good Place: Season 2: Rhonda, Diana, Jake, and Trent","8/10/20"
"The Good Place: Season 2: Team Cockroach","8/10/20"
"The Good Place: Season 2: Dance Dance Resolution","8/9/20"
"The Good Place: Season 2: Everything Is Great!","8/9/20"
"The Good Place: Season 1: Michael's Gambit","8/9/20"
"The Good Place: Season 1: Chidi's Choice","8/9/20"
"Eric Andre: Legalize Everything","8/9/20"
"Scott Pilgrim vs. the World","7/28/20"
"New Girl: Season 3: Mars Landing","7/26/20"
"New Girl: Season 3: Fired Up","7/26/20"
"New Girl: Season 3: Longest Night Ever","7/25/20"
"Back to the Future","7/22/20"
"Haikyu!!: The End & the Beginning","7/20/20"
"Grey's Anatomy: Season 1: A Hard Day's Night","7/14/20"
"Devilman Crybaby: Limited Series: Crybaby","7/14/20"
"Devilman Crybaby: Limited Series: Go to Hell, You Mortals","7/14/20"
"Devilman Crybaby: Limited Series: I Must Know Myself","7/14/20"
"Devilman Crybaby: Limited Series: Weak Humans, Wise Demons","7/14/20"
"Gilmore Girls: Season 7: Merry Fisticuffs","7/13/20"
"Gilmore Girls: Season 7: Knit, People, Knit","7/13/20"
"Gilmore Girls: Season 7: Introducing Lorelai Planetarium","7/13/20"
"Devilman Crybaby: Limited Series: Neither Demon Nor Human","7/11/20"
"Devilman Crybaby: Limited Series: Beautiful Silene","7/10/20"
"Devilman Crybaby: Limited Series: Come, Akira","7/10/20"
"Devilman Crybaby: Limited Series: Believe Me!","7/10/20"
"Devilman Crybaby: Limited Series: One Hand Is Enough","7/10/20"
"Devilman Crybaby: Limited Series: I Need You","7/10/20"
"Gilmore Girls: Season 5: A Messenger, Nothing More","6/30/20"
"The Kissing Booth","6/19/20"
"Moonlight","6/15/20"
"Lucifer: Season 4: Who's da New King of Hell?","6/14/20"
"Lucifer: Season 4: Super Bad Boyfriend","6/13/20"
"Lucifer: Season 4: Devil Is as Devil Does","6/13/20"
"Lucifer: Season 4: Orgy Pants to Work","6/13/20"
"Taare Zameen Par","6/12/20"
"Lucifer: Season 4: Expire Erect","6/12/20"
"Lucifer: Season 4: All About Eve","6/11/20"
"Lucifer: Season 4: O, Ye of Little Faith, Father","6/10/20"
"Lucifer: Season 4: Somebody’s Been Reading Dante’s Inferno","6/10/20"
"Lucifer: Season 4: Everything's Okay","6/10/20"
"Lucifer: Season 3: Once Upon a Time","6/10/20"
"Lucifer: Season 3: Boo Normal","6/9/20"
"Lucifer: Season 3: A Devil of My Word","6/9/20"
"Lucifer: Season 3: Quintessential Deckerstar","6/9/20"
"Lucifer: Season 3: All Hands on Decker","6/9/20"
"Lucifer: Season 3: Anything Pierce Can Do I Can Do Better","6/9/20"
"Lucifer: Season 3: Let Pinhead Sing!","6/9/20"
"Lucifer: Season 3: Infernal Guinea Pig","6/7/20"
"Lucifer: Season 3: High School Poppycock","6/7/20"
"Lucifer: Season 3: My Brother's Keeper","6/7/20"
"Lucifer: Season 3: 'Til Death Do Us Part","6/7/20"
"Lucifer: Season 3: All About Her","6/7/20"
"Lucifer: Season 3: City of Angels?","6/7/20"
"Lucifer: Season 3: The Sin Bin","6/7/20"
"Lucifer: Season 3: The Sinnerman","6/6/20"
"Lucifer: Season 3: Chloe Does Lucifer","6/6/20"
"Lucifer: Season 3: Off the Record","6/6/20"
"Lucifer: Season 3: Vegas with Some Radish","6/5/20"
"Lucifer: Season 3: Welcome Back, Charlotte Richards","6/5/20"
"Lucifer: Season 3: Mr. and Mrs. Mazikeen Smith","6/5/20"
"Lucifer: Season 3: The One with the Baby Carrot","6/4/20"
"Lucifer: Season 3: They're Back, Aren't They?","6/4/20"
"Lucifer: Season 2: Sympathy for the Goddess","6/4/20"
"Lucifer: Season 2: God Johnson","6/3/20"
"Lucifer: Season 2: A Good Day to Die","6/2/20"
"Lucifer: Season 2: Love Handles","6/2/20"
"Lucifer: Season 2: Trip to Stabby Town","6/1/20"
"Lucifer: Season 2: Lady Parts","5/31/20"
"Lucifer: Season 2: Sin-Eater","5/31/20"
"Lucifer: Season 2: Liar, Liar, Slutty Dress on Fire","5/30/20"
"Lucifer: Season 2: Everything's Coming Up Lucifer","5/29/20"
"Lucifer: Season 1: Take Me Back to Hell","5/29/20"
"Lucifer: Season 1: A Priest Walks into a Bar","5/28/20"
"Lucifer: Season 1: Et Tu, Doctor?","5/28/20"
"Lucifer: Season 1: Pilot","5/24/20"
"Tiger King: Dethroned","5/21/20"
"Tiger King: The Noble Thing to Do","5/21/20"
"Tiger King: Make America Exotic Again","5/17/20"
"Tiger King: Playing with Fire","5/17/20"
"Tiger King: The Secret","5/12/20"
"Tiger King: Cult of Personality","4/13/20"
"Tiger King: Not Your Average Joe","4/12/20"
"BoJack Horseman: Season 1: BoJack Horseman: The BoJack Horseman Story, Chapter One","4/1/20"
