Search,Date
costco muffin flavors,Feb 10
10500000/50,15-Feb
5-Step Design Process elon musk,29-Jan
adiou,16-Feb
airpod pros price,19-Jan
Anthony Mackie,3-Feb
area of a circle,28-Feb
biogen and apple,22-Feb
bittersweet restaurant,9-Jan
coot,8-Jan
CU Canvas login,24-Jan
desmos log base 2,14-Feb
dijkstra's algorithm,29-Jan
drudge meaning,7-Feb
end credit scene of avenger 1,5-Feb
hackcu,23-Feb
handle exceptions in your Python code,31-Jan
honda clarity,4-Mar
how to find the greatest common denominator,25-Feb
how to use get method to get nested key in dictionary python,16-Feb
how to view an airtable from an api key,21-Feb
istitle method in python,2-Mar
kruskal's algorithm,5-Feb
less than sign in latex,23-Jan
maps,24-Feb
memory device,8-Jan
patagonia jacket,19-Jan
print our every other character of a string python,19-Jan
random in python,14-Feb
sanctify,8-Jan
scala split function,20-Jan
seneca one m&t,16-Jan
sets in scala,24-Jan
something that is made at home,8-Jan
stazio boulder covid testing,7-Jan
steal like an artist,17-Feb
tasty cauliflower tacos,1-Feb
tomato sauce,13-Feb
toy story andys last name,19-Feb
weather,3-Mar
wedding website that invites people to specific events,17-Jan
what does refactoring code mean,26-Feb
what time is it in india,15-Feb
where is the irish rose native to,18-Jan
.01 of 2 billion,29-Jan
.map call inside a .map call,25-Feb
.map call inside a .map call scala,25-Feb
'int' object is not iterable,7-Feb
10 letter words that start with DYO,8-Jan
10.5/50,15-Feb
1f diamond blue nile,16-Jan
2d lists python,7-Feb
3 carat diamond ring tiffany,16-Jan
3 idiots cast,25-Jan
3.5% of 300 million,15-Feb
4 letter word starting with c ending with b,8-Jan
4 letter word starting with la and ending in m,8-Jan
4 letter words ending in nib,8-Jan
5 letter word ending in ac,8-Jan
5 letter words that end in d,26-Feb
5 letter words that end in sta,2-Mar
5 letter words that start with cra,28-Feb
5 letter words that start with cre,28-Feb
50 shades of gray,18-Jan
50 shades of gray book,18-Jan
511 us 36 route number,19-Jan
511 us36 route number,19-Jan
7 carat diamond ring tiffany,Jan 16
8781 sheridan boulevard,7-Jan
8b algorithms set of intervals,25-Jan
9 letter word beginning with obf,8-Jan
a belief,8-Jan
a circle guarding access,8-Jan
a cycle with only one step,8-Jan
a cycle with only one step,8-Jan
a dangerous glacial feature,8-Jan
a little synonym,8-Jan
a one step growth cycle,8-Jan
a principle,8-Jan
a principle or belief,8-Jan
"a small island, not an airplane hallway",8-Jan
a tedious list,8-Jan
a trend,8-Jan
a wizard of earthsea,17-Feb
abu dhabi,10-Feb
ACOM company,29-Jan
Acomm,29-Jan
add binary tree to latex,22-Jan
adding to an environment type in scala,26-Feb
adiou,21-Feb
adjacency matrix,24-Jan
adobe font that is transparent,11-Jan
adobe fonts,11-Jan
air table,21-Feb
airbnb,13-Jan
airpod pros price,19-Jan
airtable field types,15-Feb
alakazam,5-Feb
aleintation,8-Feb
alexa price,19-Jan
alexa price,19-Jan
alexa pricvc,19-Jan
"algorithms CSCI 3104 ""hw1""",23-Jan
algorithms CSCI 3104 hw1,23-Jan
algorithms CSCI 3104 ps1,23-Jan
algorithms hw 1 problem 3,23-Jan
algorithms hw 1 problem 8b solutions,25-Jan
algorithms ps1,23-Jan
algorithms unrolling method example,27-Feb
alienation,8-Feb
aloe vera smells like body odor,20-Jan
amanda donahue,23-Feb
amanda donohoe,23-Feb
amanda donough,23-Feb
amitabh bachchan wedding choreo,15-Jan
ana ramirez chang,16-Feb
anal,31-Jan
anathema,3-Jan
anathema,7-Jan
anib,Jan 8
anonymous function in scala,24-Jan
another word for small island,8-Jan
ant man,20-Jan
antipathy,18-Jan
anus,31-Jan
ap ib conversion chart cu boulder,8-Feb
apple air tags,19-Jan
apple diagnoses depression,21-Feb
apple diagnoses depression,21-Feb
apple macbook,11-Jan
apple misused data,21-Feb
apple misuses data,21-Feb
apple working on collecting data to identify depression,14-Feb
apple working on collecting data to identify depression,17-Feb
are roly polys bad for indoor garden,9-Jan
area of a circle,16-Feb
area of sphere,2-Mar
ariana grande,10-Feb
arote,23-Feb
arrow in latex,29-Jan
artboard,29-Jan
ashton kutcher,27-Feb
atlas building,17-Feb
atlas building peko,12-Feb
atlas building pokei,12-Feb
augmented assignment statements,16-Feb
australian Kombatant,8-Jan
avengers 2,5-Feb
average returns to walmart each year,29-Jan
baby driver,8-Jan
bad bunny,10-Feb
"bad flirt lines ""Pretty name for a pretty girl""",8-Feb
baking carrots,Feb 25
baking potato bites,25-Feb
baking potatoes,25-Feb
barso re megha lyrics in english,17-Jan
bash syntax,25-Feb
basic functions of a computer,24-Jan
bear creek apartments rates,10-Feb
bear creek apartments rates,11-Jan
bear creek apartments rates,7-Jan
beat studio 3 headphones screws,15-Feb
beats studio 3 headband screws,15-Feb
beats studio 3 screw size,14-Jan
best dnd build,31-Jan
best wedding websites for rsvp,17-Jan
bhangra style,Jan 25
bhangra style,25-Jan
bhangya style,25-Jan
big frog in naruto,28-Feb
billie bossa nova lyrics,10-Jan
binary tree in latex,Jan 22
biogen and apple,22-Feb
bipartite,1-Feb
bittersweet restaurant,10-Jan
bittersweet restaurant,9-Jan
bjs pazuki deal,7-Feb
black cat menu,11-Feb
black fertile soil is also known as,8-Jan
black fertile soil la,8-Jan
black girl magic,13-Feb
black girl magic rose,13-Feb
blank character,12-Jan
blank character python,12-Jan
blockchain data,8-Jan
blockchain data,8-Jan
bloke,24-Feb
blome,24-Feb
blome definition,24-Feb
blue earrings,16-Jan
blue earrings for daily wear,16-Jan
blue nile halo diamond ring with twist,27-Feb
blue nile halo diamond ring with twist,15-Jan
blue nile halo diamond ring with twist,15-Jan
boeing plane nose dive,13-Jan
boulder baked,7-Feb
boulder burger,31-Jan
boulder burger menu,31-Jan
"boulder chautauqua ""owl"" hike",11-Feb
boulder chautauqua owl hike,11-Feb
boulder school shut down,1-Feb
bovas,31-Jan
brene brown,8-Feb
British Oil Supermajor,8-Jan
brooke lloyd cu boulder,18-Jan
bst tree safe edges,8-Feb
buff portal,24-Jan
buffone,25-Feb
burnham,8-Jan
business counselors,8-Feb
business major requirements,8-Feb
business major requirements cu boulder,8-Feb
business memes,18-Jan
C,8-Jan
c4c price cu boulder,23-Jan
cadenae,3-Jan
cadence,3-Jan
cadence meaning,3-Jan
calculate combination,24-Jan
calendar,10-Jan
camerones,1-Jan
camerons,1-Jan
can i download my instagram data,5-Mar
can i paint acrylic on terracotta,18-Feb
can i run tests in intellij ce,26-Feb
can i run unit tests in intellij community edition,26-Feb
Can iphones detect depression?,21-Feb
can you recycle a 1 8' boulder,3-Feb
can you recycle a 1 in boulder,3-Feb
can you use a string with range() python,26-Jan
canva,24-Feb
canvas,10-Feb
canvas,3-Feb
canvas,26-Jan
canvas cu boulder,24-Jan
captain america 2,3-Feb
captain america sam,3-Feb
captain america winter soldier sam wilson,3-Feb
captain marvel,5-Feb
caravan comedy club,11-Feb
cartier bangles,16-Jan
cartier bangles,16-Jan
case in which greedy algorithm doesn't work with change,18-Jan
case statement scala,17-Jan
catachresis meaning,3-Jan
catamaran,1-Jan
caule,16-Feb
caulk,16-Feb
cc,14-Jan
cdc covid,20-Jan
cdc guidelines,20-Jan
ceja meaning,26-Jan
chaiye chaiye,25-Jan
chaiye chaiye english translation,25-Jan
chaka chak meaning,13-Jan
chakka chakka,24-Jan
challah,11-Feb
chamomile india,18-Feb
character to lowercase python,24-Jan
chargepoint payment,27-Feb
check if a character is a vowel in java,24-Jan
check if a character is a vowel in python,24-Jan
check if letter is uppercase python,28-Feb
check if the first letter of a work is uppercase python,2-Feb
check the value of a variable python,19-Jan
chimonal india,18-Feb
chimongral india,18-Feb
chinese stir fry noodles,16-Feb
chinese tofu marinade,16-Feb
chinook,17-Feb
chiropracty,28-Jan
chloe,1-Feb
chloe ting ab workout,10-Jan
chloe ting abs challenge,10-Jan
christine malloy,Jan 27
chrome add on that plants trees for tabs,13-Jan
circa macky auditorium,Jan 30
clairaudient,8-Jan
claires,5-Feb
claires ear piercing,5-Feb
clayton,3-Mar
clitoral equivalent in males,8-Jan
cobb definition,8-Jan
cobra kai season 5,10-Jan
coca plant,28-Jan
cocoa plant,28-Jan
code academy,27-Feb
code cassi,27-Feb
code classi,27-Feb
code runner,21-Feb
colonist.io,12-Jan
color sudoku,1-Mar
color sudoku app,1-Mar
colors,29-Jan
colosseum,21-Feb
comb definition,8-Jan
combine two lists scala,25-Feb
comerons,1-Jan
common fish in the sea,7-Feb
common summation formulas,28-Feb
common summation formulas,28-Feb
companies using data to identify depression,14-Feb
computational thinking,24-Jan
computer science minor classes,21-Feb
consumer private data that is publicly available,5-Mar
contacts,28-Jan
contronym meaning,3-Jan
convert a string to int python,26-Jan
convert dict_values to int,14-Feb
convert string to int python,28-Feb
convert string to int python,7-Feb
convert string to uppercase,2-Mar
convert string to uppercase python,19-Jan
convert string to uppercase python,2-Mar
cool adjectives,1-Jan
cool lego collectible to gift someone,5-Feb
cool lego sets,5-Feb
cool lego sets under 30,5-Feb
coot,8-Jan
CORDON,8-Jan
corn pea bean & quinoa crisps,6-Jan
cosmos,8-Jan
cosmos definition,8-Jan
cotopaxi,19-Feb
cotopaxi backpack,19-Feb
cotopaxi fleece,19-Jan
covid cases,8-Jan
covid test scheduling,5-Jan
covid testing locations in westminster colorado,5-Jan
crake,8-Jan
create a simple binary tree in latex,22-Jan
create a table in latex,29-Jan
creepy,22-Feb
crest,8-Jan
crest definition,8-Jan
cs masters prerequisites cu boulder,23-Jan
cs minor,31-Jan
cs minor cu boulder,23-Jan
cs50,24-Jan
csci 3104 algorithms exchange argument,24-Jan
csel cu boulder,25-Jan
cu boulder 2022 spring break,23-Jan
cu boulder algorithms honor code,29-Jan
cu boulder book club,9-Feb
cu boulder canvas,24-Jan
cu boulder eccr,3-Mar
cu boulder financial.aid,11-Jan
cu boulder honor code violation,28-Jan
cu boulder housing,27-Feb
cu boulder housing portal,14-Jan
cu boulder housing portal,14-Jan
cu boulder housing portal,20-Jan
cu boulder housing portal,23-Jan
cu boulder intellij,24-Feb
cu boulder lcg,10-Jan
cu boulder meal plan,23-Jan
cu boulder online summer classes,16-Jan
cu boulder rock climbing gym,6-Feb
cu boulder simu liu,11-Feb
cu boulder spring 2022 academic calendar,12-Jan
cu boulder spring 2022 academic calendar,12-Jan
cu boulder study abroad,5-Feb
cu boulder summer classes,16-Jan
cu boulder swing dance,1-Mar
cu boulder track,24-Feb
cu boulder winter study abroad,21-Feb
cu housing portal,20-Jan
cu library,17-Feb
cu swing dance,8-Feb
cursive l,31-Jan
cute boulder date night ideas,11-Feb
cute spider,26-Jan
cycle of length 3,1-Feb
cynic,14-Feb
d#,Jan 24
d# language,24-Jan
daisy dukes,25-Feb
dark purple hydro flask,20-Jan
data privacy why is it important,5-Mar
data that was leaked to the new york time,5-Mar
data that was leaked to the new york times,5-Mar
data type conversion in python,19-Jan
data type returned by flatMap() function in scala,24-Jan
data visualization ideas,5-Mar
datatype of a variable in python,28-Feb
date night italian restaurants near me,11-Feb
datetime subtract,28-Feb
datetime subtract python,28-Feb
daze,8-Jan
deadlift proper form,11-Jan
december birthstone,22-Jan
decrease the spacing between paragraphs photoshop,11-Jan
define discouraging,30-Jan
define irate,8-Feb
define macabre,8-Jan
delete from a list python,28-Feb
delete from dictionary python,14-Feb
delete spotify downloads,7-Jan
derivative calculator,14-Feb
derivative calculator,14-Feb
derivative calculator,3-Mar
derivative calculator,3-Mar
derivative of cosine,14-Feb
derivative of sine,14-Feb
descriptor works for to feel like an outsider,8-Feb
desmos,14-Feb
desmos,25-Jan
desmos log base 2,15-Feb
desmos log calculator,14-Feb
desmos log calculator,14-Feb
desmos logs,15-Feb
dfs algorithm to check if graph is connected,31-Jan
dia de los muertos denver,28-Jan
dics,3-Feb
dictionary python add,14-Feb
dictionary python add,23-Feb
difference between + and in python,19-Jan
difference between strong and weak induction,23-Jan
difference between strong and weak induction,23-Jan
difference between strong and weak induction,23-Jan
difference between strong and weak induction,23-Jan
digital privacy,14-Feb
digital privacy recent news,14-Feb
diis,29-Jan
dijkstra's algorithm,29-Jan
dijkstra's algorithm,29-Jan
dijkstra's algorithm,29-Jan
diode,8-Jan
diode on drywall,8-Jan
dirt,26-Feb
divmod python,7-Feb
dji tello,19-Jan
dnd blog,5-Mar
dnd website,5-Mar
does an honor code violation go on your record,29-Jan
does dfs give shortest path,30-Jan
does dijkstra work for directed graphs,29-Jan
does python differentiate between string and char,21-Jan
does the greedy algorithm work for change,18-Jan
doja cat need to know,5-Feb
doja cat need to know lyrics,5-Feb
doja cat say so,5-Feb
dominant or recessive,8-Jan
dominos,22-Feb
dominos,20-Jan
dot,11-Jan
dot symbol,11-Jan
dot symbol,12-Jan
double ear piercings,22-Jan
download sbt,26-Feb
drones for $80,19-Jan
drudge,7-Feb
dubai,10-Feb
dubai,10-Feb
duckduckgo,30-Jan
duke university and apple,22-Feb
ear piercings near me,5-Feb
Earnifi,24-Feb
easiest sorting algorithm to implement,4-Feb
easiest way to find the greatest common divisor of a list,25-Feb
easy desserts to make,30-Jan
easy desserts with few ingredients,30-Jan
easy way to mind map with lots of images,29-Jan
eccr 135,3-Mar
eccr cu boulder,31-Jan
ECCS 201,22-Feb
edgar wright,8-Jan
edgar wright's getaway driver,8-Jan
Edgar Wright,8-Jan
edward natron,28-Feb
edward norton,28-Feb
edward norton movies,28-Feb
edward snowden,28-Feb
eight wordle,28-Feb
ek ladki,1-Feb
ek ladki,1-Feb
elder scrolls 5.5,8-Jan
electric charging stations in boulder,27-Feb
else if in scala,20-Jan
else if syntax scala,20-Jan
emoji,17-Feb
emojis on mac,25-Jan
end game movie sequence,17-Feb
engineering themed sticker,24-Feb
environment type in scala,26-Feb
esp meaning,29-Jan
ethical case surrounding digital privacy,14-Feb
eva lacy cu boulder,Jan 12
evaluate sum,3-Mar
ewedding,17-Jan
example of a company mishandling classified information,14-Feb
example of dfs not working for for shortest path,30-Jan
examples of issues with digital privacy,14-Feb
exchange argument with change,23-Jan
exponents simplification,14-Feb
f-string formatting python,19-Jan
fall oil painting,11-Jan
fall oil.painting,11-Jan
fan,18-Feb
fancy restaurants boulder,11-Feb
fdj jail,28-Feb
fertile soil la,8-Jan
find how many strings are in a list python,24-Jan
find length of list python,14-Feb
find length of list scala,14-Feb
find my honda clarity,4-Mar
find the min python,2-Mar
first coding language,24-Jan
flatiron mall icing,5-Feb
flatiron mall lovisa hours,5-Feb
flatirons mall icing,5-Feb
flatMap() function in scala,24-Jan
"flights from AMD to Dubai on Mar 13, 2022 returning Mar 17, 2022",24-Feb
"flights from BUF to DEN on Feb 1, 2022",16-Jan
"flights from BUF to DEN on Feb 1, 2022 returning Feb 5, 2022",16-Jan
"flights from BUF to DEN on Jul 1, 2022",16-Jan
"flights from BUF to DEN on Jul 2, 2022",16-Jan
"flights from BUF to DEN on Jun 30, 2022",16-Jan
"flights from Chicago to Buffalo on Jul 10, 2022",16-Jan
"flights from Chicago to Buffalo on Jul 11, 2022",16-Jan
"flights from Chicago to Buffalo on Jun 30, 2022",16-Jan
"flights from Chicago to DEN on Jun 30, 2022",16-Jan
"flights from DEN to Bend on Mar 12, 2022 returning Mar 16, 2022",24-Feb
"flights from DEN to Wichita Falls on Feb 13, 2022 returning Feb 17, 2022",28-Jan
flights from denver,16-Jan
flights from denver,16-Jan
"flights from Denver to ? on Feb 1, 2022 returning Feb 5, 2022",16-Jan
"flights from Denver to ? on Feb 1, 2022 returning Feb 5, 2022",16-Jan
"flights from MDW to Buffalo on Jul 10, 2022",16-Jan
"flights from ORD to Buffalo on Jul 10, 2022",16-Jan
flit disney,19-Feb
flower child,11-Feb
flower earrings,21-Feb
foldleft scala,18-Feb
foldleft to create a list of tuples scala,25-Feb
foldleft tuple scala,25-Feb
font that is see through,11-Jan
for loop in scala,20-Jan
for loop iterating through a string scala,20-Jan
frac add,15-Feb
frasca boulder,11-Feb
free stuff reddit,2-Mar
fro yo close to ne,3-Mar
front range community college online summer classes,16-Jan
front range community college summer classes,16-Jan
front range covid testing,7-Jan
front range covid testing mako,7-Jan
gallagher girls,3-Feb
gelato boy,27-Feb
geometric series formula,1-Mar
geometric series formula,1-Mar
geometric series formula convergence,1-Mar
geometric series formula convergence from i to k,1-Mar
georgia from too hot to handle,4-Feb
get method in python,14-Feb
get my data from apple maps,5-Mar
github,5-Mar
glacial features,8-Jan
glass animals,8-Jan
glass animals,8-Jan
glib definition,8-Jan
global entry application,6-Feb
gms,1-Mar
godspeed,13-Jan
gold and pink dress,12-Jan
good burrito recipes,1-Feb
good electronic prizes,19-Jan
good open ended lego sets,5-Feb
good place to eat in boulder with vegetarian options,11-Feb
good vegetarian restaurants near me,11-Feb
good words,1-Jan
good words to start wordle with,18-Feb
google drive,16-Feb
google forms,24-Feb
google lights,3-Mar
google maps,5-Mar
google maps data tombstones,5-Mar
google maps data what is the tombstones dat,5-Mar
google maps data what is the tombstones data,5-Mar
google modular wall lights,3-Mar
google modular wall lights,3-Mar
google modular wall lights amazin,3-Mar
google modular wall lights amazon,3-Mar
google modular wall lights amazon,3-Mar
google photos,29-Jan
google scholar,21-Feb
google sheets,2-Feb
grammarly,Feb 8
graph database jokes,22-Jan
graph in latex,22-Jan
graph intervals online,25-Jan
greedy choice property,18-Jan
grisly and morbid,8-Jan
gyres,7-Jan
gyres art store,7-Jan
gyres art store,7-Jan
hack cu,27-Feb
hair of the dog,13-Jan
halara,27-Feb
Half of an All-Terrain Armored Transport,8-Jan
hard work synonym,7-Feb
harry and beaux,5-Feb
harvard intro to computer science,24-Jan
heartbroken synonym,8-Feb
herbert,8-Jan
herbert author,8-Jan
hi,1-Feb
highlights on black curly hair,15-Jan
hobby lobby canvases,8-Jan
hodge definition,18-Feb
hold.person d&d,20-Jan
hold.person dnd,20-Jan
homemade synonym,8-Jan
honda clarity 2019,4-Mar
honda clarity engine brake,1-Mar
honda clarity make,4-Mar
hopeful opposite,30-Jan
how do I pay a bill through go-pass,4-Mar
how does bfs algorithm work,11-Feb
how does bfs algorithm work,11-Feb
how long after getting covid. can you test negative on a pcr,9-Jan
how long do sunburns take to peel,9-Jan
how many days does february have,25-Jan
how many letters in a string python,23-Feb
how many targets in the us,29-Jan
how many times does a phrase occurs in a string,23-Feb
how much baking soda to sub for baking powder,16-Feb
how much should i expect to pay in tolls in colorado,4-Mar
how much snow is boulder supposed to get,31-Jan
how to add elements to a list in python,7-Feb
how to add two lists together in scala,4-Feb
how to append to a list within list in python,16-Feb
how to apply stirling's approximation to (2n)!,4-Mar
how to bold in html,25-Feb
how to bold in html,26-Feb
how to calculate something per capita,2-Mar
how to cast double in scala,3-Feb
how to change the base of a log,14-Feb
how to check how many times a word is in a string,23-Feb
how to check if a character is not in a string,23-Feb
how to check if a character is not in a string python,23-Feb
how to check if a string is only numbers python,2-Mar
how to check if i have java 11 installed,17-Jan
how to check if letter is a consonant or vowel python,2-Mar
how to check if something is a character not a number in python,23-Feb
how to check if something is already in a list scala,Jan 17
how to check is a phrase is in a string,23-Feb
how to cite a source mla,21-Feb
how to combine two lists into one list for two lists scala,25-Feb
how to concat a tuple to a list of tuples,25-Feb
how to connect typeform to airtable,15-Feb
how to convert an integer to a string in python,21-Feb
how to convert dict_values to list,2-Mar
how to count only letters in a string python,Feb 23
how to create a list using foldleft scala,25-Feb
how to create a sbt project in intellij,24-Feb
how to crop something to a specific size in photoshop,12-Jan
how to cube something in python,2-Feb
how to cube the values in a list python,2-Feb
how to delete from a list python,16-Feb
how to delete items from a list scala,20-Jan
how to display no decimals in python,16-Feb
how to do the limit comparison test,14-Feb
how to enter a unknown amount of inputs in python,21-Feb
how to filter based on an index of a list,25-Feb
how to find depth of a recursion,28-Jan
how to find the derivative of log base 2,14-Feb
how to find the greatest common factor,25-Feb
how to find the length of a list,2-Feb
how to find the length of a list in scala,20-Jan
how to find the length of a list scala,25-Feb
how to find the length of a string in python,19-Jan
how to find the range of dictionary values,14-Feb
"how to get a new vaccine card, i lost mine",Jan 13
how to get access to all the data that google has on me,5-Mar
how to get information from apple maps,5-Mar
how to get just the denominator of a fraction,3-Feb
how to get knots out of shoulders,20-Jan
how to get paint primer off skin,2-Feb
how to get rid of numbers from a string,23-Feb
how to get rid of numbers from a string python,23-Feb
how to get rid of whitespace in scala,20-Jan
how to get rid of whitespace punctuation in a string python,23-Feb
how to get something from a dictionary python,16-Feb
how to get the beginning of a substring in scala,20-Jan
how to get the last character of a string in python,19-Jan
how to get two values in ma[,25-Feb
how to get two values in map,25-Feb
how to get your instagram data,5-Mar
how to heat up jimmy dean breakfast croissants,7-Feb
how to imbed an image into latex,1-Mar
how to insert a picture into a latex,11-Feb
how to insert into a list at a specific location,16-Feb
how to install spylon kernel,17-Jan
how to iterate through a linked list,7-Feb
how to iterate through a linked list python,7-Feb
how to link typeform and airtable,21-Feb
how to make a string lowercase in python,23-Feb
how to make arguments optional in python,2-Feb
how to make broccoli curry,12-Feb
how to make dal in instant pot,12-Feb
how to make spanish rice,1-Feb
how to make spinach dal in instant pot,12-Feb
how to make stir fry,31-Jan
how to make yogurt in the instant pot,24-Feb
how to make yogurt in the instant pot,6-Feb
how to prevent rice from getting mushy,1-Feb
how to print a triangle in python,24-Jan
how to print a tuple in python,28-Feb
how to remove whitespace from a string python,23-Feb
how to request my google maps data,5-Mar
how to return a new line in html,25-Feb
how to return an empty list scala,4-Feb
how to reverse a string in python,21-Feb
how to run a scala project in intellij,24-Feb
how to show a slice of a tuple,28-Feb
how to show sidebar in intellij,26-Feb
how to show sidebar in intellij mac,26-Feb
how to sort list in python,16-Feb
how to split special characters from a string in python,28-Feb
how to split string on whitespaces in scala,20-Jan
how to subtract dates in python,28-Feb
how to sum dictionary values in python,14-Feb
how to switch an array to a list in scala,20-Jan
how to tab in latex,31-Jan
how to take a cutting from a shamrock plant,26-Feb
how to throw a runtime error in scala,26-Feb
how to type emojis on mac,17-Feb
how to undo remove from profile grid instagram,13-Jan
how to uninstall intellij,24-Feb
how to uninstall intellij mac,Feb 24
how to uninstall synology kernel,17-Jan
how to unmute everything on discord,18-Feb
how to use *args in python,21-Feb
how to use ampersand in latex,31-Jan
how to use scala almond kernel in jupyter notebook mac,17-Jan
how to use scala in jupyter notebook,17-Jan
how to use scala in jupyter notebook mac,17-Jan
how to use the range function in python,14-Feb
how to use the remove function in python,24-Jan
how to write a split function in scala,20-Jan
how to write pseudocode in latex,31-Jan
how to.change alarm volume iphone,7-Feb
how to.log.into eduroam cu boulder,15-Feb
how to.make.yogurt in instant pot,24-Feb
html list,25-Feb
https://mfbc.us/m/edf5tjz,3-Mar
hue sudoku app,1-Mar
human centred technology,17-Jan
human-centred.technology,17-Jan
hypercube graph,1-Feb
hypercube graph 2d,1-Feb
hypercube graph vertices,1-Feb
i-94 admission number,10-Jan
if else if in scala,20-Jan
il pastaio,11-Feb
images and mind mapping,29-Jan
immutable data types in python,16-Feb
immutable data types in python,16-Feb
import pandas python,31-Jan
india hemsworth,11-Feb
indian dad wedding dances,15-Jan
indian hills high school,24-Jan
indian uncles wedding dances,15-Jan
indian wedding clothing,12-Jan
induction,11-Jan
induction examples math,11-Jan
induction on Tn = tn-1 + tn-2+ tn-3,23-Jan
induction process examples with binary trees,11-Jan
information management business classes,7-Feb
information management business classes cu boulder,7-Feb
injoyment,21-Jan
insert a bullet point in python,12-Jan
inspirational quotes for cs majors,31-Jan
install intellij community edition,24-Feb
Int => Int type in scala,24-Jan
int division symbol in python,25-Jan
integer division python,25-Jan
integral calculator,28-Feb
intellij student price,24-Feb
Interval Projection exchange argument,25-Jan
irish rose drafts,18-Jan
irish rose plant,18-Jan
iron prince book 2,17-Feb
is (2n)! = 2*n!,4-Mar
is bp oil a british company,8-Jan
is for loop entry controlled,2-Mar
is my driver's license a government id,9-Jan
is private property a human right,22-Feb
is the fair wage fee a tip,11-Feb
is the notebook a rom com,15-Feb
is the ratio test or limit comparison test better for logs,14-Feb
is the while loop an exit or entry condition,2-Feb
is while loop entry controlled,2-Mar
isalpha python,23-Feb
isalpha python,28-Feb
italian restaurants boulder,11-Feb
jade plant,13-Jan
jambalaya,6-Feb
japango,20-Feb
java 16.0.1 vs java 11,17-Jan
java 16.0.1 vs java 8,17-Jan
"java version ""16.0.1""",17-Jan
java version 16.0.1 means,17-Jan
jeff bezos net worth visualized,3-Mar
jerry harris,20-Jan
jhaveri ted talk,31-Jan
"Jillian, who will teach you to wear condoms",8-Jan
jodi sweet magnolias,23-Feb
jodi sweet magnolias actress,23-Feb
jot kaur cu boulder,11-Feb
kaggle,5-Mar
kaiser permanente,11-Jan
kaiser permanente,14-Jan
kaiser permanente,14-Jan
kaiser permanente,5-Jan
kaiser permanente,7-Jan
kaiser permanente,7-Jan
kaiser permanente,7-Jan
kate spade heart purse,4-Feb
kate spade melon purse,4-Feb
kin bird,8-Jan
Kin to coot and crake,8-Jan
kindle fire hd,19-Jan
king soopers close,3-Mar
kings soopers,5-Jan
kiss the buffalo boulder,13-Jan
kiss the buffalo boulder,14-Jan
klossy,27-Feb
kode with klossy,27-Feb
konin somethiing youtube guy,13-Feb
konin something youtube guy,13-Feb
krishna jhaveri,31-Jan
krishna jhaveri ted talk,31-Jan
krupa jhaveri,10-Feb
kruskal's algorithm,18-Feb
kruskal's algorithm,18-Feb
kruskal's algorithm,5-Feb
La Brea fossil goldmine,8-Jan
lambda python,23-Feb
last name anderson toy story,19-Feb
latex missing $ inserted,29-Jan
latex missing $ inserted table,29-Jan
launch anaconda navigator from terminal,12-Jan
lcg engagements,4-Mar
least common ocean creatures,7-Feb
leeds academic advising,17-Feb
leeds consulting group,13-Feb
leeds consulting group engagements,4-Mar
leetcode,7-Feb
legal drinking age in mexico,22-Feb
LEGO 10218 Creator Pet Shop. ...,5-Feb
lego kits,5-Feb
lego sets,5-Feb
length of a list python,24-Jan
length of an array python,7-Feb
life is strange,8-Feb
like statement sql,7-Feb
lim (n/n+1)^n,15-Feb
limit comparison test,3-Mar
limit comparison test calculator,4-Mar
lindsay's deli boulder,27-Feb
list comprehension python,16-Feb
list of tuples scala,Feb 25
list operators scala,25-Feb
list operators scala,25-Feb
list.slice scala,20-Jan
listnode python,7-Feb
ListNode(out) python,7-Feb
lists in python,7-Feb
litany,8-Jan
ljust python,21-Feb
LOAM synonym,8-Jan
log base 2 latex,15-Feb
log change base calculator,14-Feb
log derivative calculator,14-Feb
log in to uber,23-Feb
log properties,14-Feb
logs in latex,15-Feb
longest key length in dictionary python,21-Feb
loop through values in a dictionary python,14-Feb
loquacious,8-Jan
"loquacious, yet insincere",8-Jan
Louisville date night ideas,11-Feb
lovisa,5-Feb
lovisa hours,5-Feb
low code citizen developer,11-Jan
Low-Code Development & Integration,25-Jan
Low-Code Development & Integration articles,25-Jan
Low-Code Development & Integration articles,25-Jan
lp,24-Jan
lp artist,24-Jan
luke hemsworth,11-Feb
m&t bank buffalo ny,13-Jan
mad synonyms,8-Feb
mae meaning,8-Jan
magic tik tok sound,29-Jan
major bag alert,10-Feb
major bag alert,7-Feb
makeshift sleds,1-Feb
maketrans python 3,23-Feb
making oatmeal in an instant pot,25-Feb
making yogurt in instant pot,6-Feb
mangal sutra,17-Jan
mangal.sutra designs,17-Jan
mangal.sutra designs,17-Jan
mangalsutra designs pinterest,17-Jan
mangalsutra pinterest,17-Jan
maps,10-Feb
maps,13-Jan
maracuya en ingles,4-Jan
marbury,7-Jan
marbury meaning,7-Jan
martial law,24-Feb
marvel movies in order,19-Jan
marybury,7-Jan
math symbols in latex,15-Feb
math symbols in latex,15-Feb
mcbride sisters owners,13-Feb
mental health in the united states 2021,21-Feb
mental illness,21-Feb
mental illness pc,21-Feb
mentimeter,18-Feb
Meri Mummy Nu Pasand Nahi Hai Tu,15-Jan
mexican rice recipe,25-Jan
mexican street in denver,28-Jan
"MGMT,",8-Jan
michaels canvases,8-Jan
miktex setup cleanup not working,18-Jan
mini mini fridge,4-Mar
mini mini fridge,5-Mar
minted,17-Jan
mla citation,21-Feb
mla format,31-Jan
mocktail bar in downtown denver,22-Jan
modeling the bucket problem as a graph,29-Jan
modge definition,18-Feb
monograms,Jan 12
monotonous crossword clue,8-Jan
moon and star double piercing,6-Feb
mora en ingles,4-Jan
morbid synonym,8-Jan
mst safe useful and undecided edges,5-Feb
mst safe useful and undecided edges,5-Feb
multi line comment python,12-Jan
mushroom in german,31-Jan
myrid,25-Feb
naboo fighter,22-Feb
name error,19-Jan
name error python,19-Jan
name for a small island,8-Jan
names for fertile soil,8-Jan
naruto payne,14-Feb
native foods,12-Jan
natural immunity stronger than vaccine,22-Jan
nautical meaning,10-Feb
nauticam,10-Feb
navratri,25-Jan
new line in latex,22-Jan
new york times pings,5-Mar
new york times wordle,12-Feb
nighttime.owl hike,11-Feb
nighttime.owl hike chautauqua,11-Feb
nitrogen narcosis,8-Jan
norlin scholars,25-Jan
northwest parkway toll,4-Mar
northwest parkway toll,4-Mar
northwest parkway website,Mar 4
notes,26-Feb
nuts in gujarati,19-Jan
nw parkway auto bill,4-Mar
ockturdle,28-Feb
oct wordle,28-Feb
octordle,28-Feb
octowordle,28-Feb
of consciousness crossword clue,8-Jan
oil paint varnish,23-Jan
old time slang for between,8-Jan
one eyed australian Kombatant,8-Jan
One who believes that Jesus was human before he was the Messiah,8-Jan
onib,8-Jan
online uno,12-Jan
opal earrings,16-Jan
open ended lego sets,5-Feb
open ended lego sets,5-Feb
operators in python,21-Jan
opposite of flow,8-Jan
order to watch the marvel movies,5-Feb
orphan drug act,16-Feb
osha definition,8-Jan
oshac,8-Jan
oshac definition,8-Jan
out of this world synonym,8-Jan
outsider synonym,7-Feb
overdrive louisville,11-Feb
overleaf,18-Jan
pad thai,2-Mar
pancake recipe from scratch,2-Feb
pancake recipe from scratch vegan,2-Feb
parable,8-Jan
parts of a penis,8-Jan
passing a list into scala,27-Jan
patagonia fleece,19-Jan
patagonia fleece,19-Jan
pc way of saying mental illness,21-Feb
pearl street restaurants,11-Feb
pendulum,19-Feb
percussion massager,20-Jan
pervasive definition,14-Feb
pervasive definition,14-Feb
pete davidson,15-Feb
"phallic parts starting with ""y""",8-Jan
phallic parts starting with y,8-Jan
pharmaca meaning,3-Jan
phd stands for,13-Feb
phil 4400,10-Jan
phil 4400 cu boulder,10-Jan
photo circle,1-Jan
photo circle,2-Jan
piece love and chocolate,27-Feb
piece of shit bo,13-Feb
pina colada recipe,13-Feb
pings that were leaked to the new york times,5-Mar
place chimongral india,18-Feb
"Please select the correct order of the following cloud ""stack"" items from more control to less control.",24-Jan
plusone ring vs wand,1-Mar
podge definition,Feb 18
Post-Paid Auto Bill,4-Mar
Post-Paid Auto Bill nw parkway,4-Mar
power function python,2-Feb
prim's algorithm,18-Feb
prim's algorithm,18-Feb
primary components of airtable,15-Feb
prims algorithm,18-Feb
principal,8-Jan
principle,8-Jan
print our every other character of a string,19-Jan
print values in a dictionary python,14-Feb
professional autobiography,21-Feb
program that lets you work with images easily,29-Jan
proving the greedy algorithm works for us change,18-Jan
pseudocode for bubble sort,6-Feb
publicly available data about people,5-Mar
puns about graphs,22-Jan
purple air quality monitor,11-Feb
pushing p,29-Jan
pyar hota hai deewana sanam,21-Feb
python tutor,19-Jan
qdoba maps,14-Feb
qdoba rewards,14-Feb
quarantine,26-Jan
quick vegan meals,31-Jan
quietus,8-Jan
randint,2-Mar
randint method in python,14-Feb
random in python,16-Feb
rapier,21-Feb
rate my professor,22-Jan
rate my professor layer,22-Jan
rate my professor lijun chen,22-Jan
ray con earbuds,19-Jan
rdj jail,28-Feb
real numbers,18-Feb
real numbers definition,4-Mar
reasons for spleen pain men,30-Jan
regenerative brake,1-Mar
regenerative braking vs engine braking,1-Mar
regur,8-Jan
religions that believe in jesus as hyman,8-Jan
return the position of a value in a list python,7-Feb
reverse mermaid,27-Jan
richest man in babylon,8-Jan
riddhima,23-Jan
rihanna,26-Feb
rincon argentino,14-Jan
rioux,13-Feb
rioux food,13-Feb
robm,8-Jan
rocketbook,23-Feb
rocketboom,23-Feb
rolly polly in tulsi,9-Jan
roly-poly infestation,9-Jan
roly-poly infestation in tuksi,9-Jan
roly-poly infestation in tulsi,9-Jan
russia ukraine,23-Feb
sacrilege,8-Jan
sacrilegious,8-Jan
sad kitty,22-Jan
sad kitty,22-Jan
said,21-Feb
salome,8-Feb
samsung earbuds,19-Jan
samsung earbuds,19-Jan
samyakk bridal lehenga,21-Jan
san jose temperature,5-Jan
save the date cards,12-Jan
save the date cards with picture,12-Jan
savory,4-Mar
savory boulder,4-Mar
savory business,4-Mar
scala elif,26-Feb
scala example with filter,25-Feb
scala find difference between two lists,25-Feb
scala find difference between two lists using map,25-Feb
scala function types,24-Jan
scala list match empty,3-Feb
scala make string lowercase,17-Jan
scala match counting vowels,17-Jan
scala multiline comment,1-Feb
scala recursive function to check for fibonacci series,14-Feb
scala split function for lists,20-Jan
scala use a match inside of a m,14-Feb
scala use a match inside of a match,14-Feb
scala variable declaration,13-Jan
schaumburg,21-Jan
schnook,17-Feb
scrabble word finder,26-Feb
season 2 episode 8 sweet magnolias,23-Feb
season 2 episode 8 sweet magnolias jodi,23-Feb
seasons mumbai,12-Jan
secular,11-Jan
seid,21-Feb
self immolation,18-Feb
selina jaco,1-Jan
selina jaco,1-Jan
selvatura memories,7-Jan
seneca one,16-Jan
set default dictionary python,14-Feb
set it up,15-Feb
set of lego good for competition,5-Feb
shamrock plant,26-Feb
shanghai noodles,15-Feb
shanghai noon,15-Feb
sheets,19-Jan
shein,Jan 11
shein,11-Jan
shein,9-Jan
shein,2-Mar
shein,4-Mar
sherpa boulder,3-Mar
shibari art,25-Feb
shooting at boulder school,1-Feb
shy synonym,20-Feb
sigma in latex,1-Mar
sigma in latex with limits,1-Mar
signup genius,20-Jan
similar websites as with joy,17-Jan
simple mangalsutra pinterest,17-Jan
single source shortest path tree,30-Jan
slaving away synonym,7-Feb
slides,4-Feb
small.flower earring,4-Feb
Snake oil,8-Jan
snow boulder,10-Feb
sola eyebrows,8-Jan
solis meaning,10-Feb
someone who believes jesus was human before he was a messiah,8-Jan
sony headphones,19-Jan
sort dictionary python,14-Feb
sort tuple python,28-Feb
sorted python,14-Feb
sorting algorithms,4-Feb
south africa,13-Jan
south africa,18-Jan
south africa painting,17-Jan
southern accent,27-Jan
southwest,16-Jan
spanish rice,1-Feb
spell save,8-Feb
spell save dc explained,8-Feb
spell slots,8-Feb
split a sentence into words python,28-Feb
splitting up summations,1-Mar
spotify,5-Mar
sprouts meatballs,11-Feb
stanislaw pronunciation,8-Jan
stazio boulder covid testing,6-Jan
stazio covid testing,5-Jan
Stephen Hawking,7-Jan
sticker making,24-Feb
sting ray,20-Jan
stop synonym,8-Jan
string.punctuation,23-Feb
strong feeling of dislike or distaste,10-Feb
strong induction on tn < 2^n,23-Jan
strong induction with sequence example,23-Jan
structure of a proof by contradiction,25-Jan
studex piercing stud louisa price,5-Feb
studex piercing stud lovisa price,5-Feb
study abroad cu boulder,17-Feb
substring of a string scala,20-Jan
subtleties definition,22-Feb
suburbia,8-Feb
suburbia definition,8-Feb
sum values in a dictionary python,14-Feb
summation examples,3-Feb
summation laws,1-Mar
summation of 2^n,28-Feb
summation of n-1,28-Feb
sunbeam glass kettle,26-Feb
Sunbeam SEK17 1.8L 1500 Watt Water Electric Kettle White,26-Feb
Sunbeam SEK17 Kettle filter,26-Feb
Sunbeam SEK17 Kettle inside,26-Feb
sunbeam tea kettle,26-Feb
super bowl game,13-Feb
super bowl game,13-Feb
superhuman hearing,8-Jan
sustainable merch,17-Jan
sustainable merchandise,17-Jan
sustainable swag,17-Jan
swat at boulder school,1-Feb
swatt at boulder school,1-Feb
sweet and sour sauce in spanish,4-Jan
"Sweigart, Automate the Boring Stuff with Python",26-Jan
switch statement in scala,28-Jan
switch statement python,28-Feb
t9,19-Feb
t9 hacks,Feb 19
t9 hacks,13-Feb
t9 hacks,17-Feb
t9 hacks,19-Feb
t9 hacks devpost,19-Feb
tab in latex,29-Jan
table in latex,22-Jan
taco bell mexican pizza coming back 2022,27-Feb
taco bell mexican pizza return date,27-Feb
taco seasoning recipe,4-Mar
Tajanae Harris,11-Feb
Tajanae Harris,13-Feb
tanjiro,7-Jan
target,3-Mar
tech gifts under $100,19-Jan
tech gifts under $100,19-Jan
tenant synonym,8-Jan
tenerife in the canary islands,18-Jan
tenet,8-Jan
tenet synonym,8-Jan
ternary operator scala,17-Jan
terra cotta pots,19-Jan
thank you in german,11-Feb
That '70s Show,27-Feb
the direction a mountain is looking,8-Jan
the knot wedding rsvp,17-Jan
the windy city,3-Mar
the woman in the house,30-Jan
therl,22-Feb
things that you can order online free,2-Mar
things to soak tofu in,16-Feb
thomas the train,3-Mar
tiktok influencer who says yeah a lot,12-Jan
tikzpicture binary tree,22-Jan
tilda,5-Mar
tilde key,Mar 5
tim urop cu boulder,18-Feb
Timbuk2 commuter backpack?,20-Jan
time in bend oregon,24-Feb
time in Costa Rica,7-Jan
time in mumbai,4-Mar
time in oregon,24-Feb
time in spain,9-Feb
to feel like an outsider,8-Feb
to make holy,8-Jan
to print the value of a variable python uses which function,19-Jan
to print the value of a variable python with a function,19-Jan
to sanctify or make holy,8-Jan
to use something as a knight might,8-Jan
to use something as a knight would,8-Jan
today's wordle,13-Feb
tofu stir fry spaghetti,16-Feb
tom holland,28-Jan
tom holland height,28-Jan
too hot to handle melinda and marvin,8-Feb
too hot to handle melinda and marvin instagram,8-Feb
too hot to handle season 1,10-Feb
too hot to handle season 1,9-Feb
too hot to handle season 3,9-Feb
top golf,4-Mar
tower fall,17-Jan
toy car tesla,2-Mar
tracks,25-Feb
tracks boulder,24-Feb
Tracks denver price,24-Feb
trademark symbol,25-Jan
trader joe's organic mangoes,20-Feb
tribal right hours,21-Jan
tribal rites,1-Feb
tribal rites,4-Feb
tribal rites,5-Feb
tribal rites,22-Jan
tribal rites,22-Jan
tribal rites westminster,5-Feb
trim a string scala,20-Jan
trome,23-Feb
trote,23-Feb
trove,23-Feb
try and except in python,19-Jan
try and except python examples,19-Jan
tujhe dekha to,21-Feb
tujhe dekha to in english,21-Feb
tujhe dekha to in english,21-Feb
tulsi in english,9-Jan
tuple in python,7-Feb
tuple python,28-Feb
turn off password protection for zoom recording,21-Feb
tycoon,7-Jan
TypeError: 'tuple' object is not callable,28-Feb
typeform field types,15-Feb
types of affix,8-Jan
types of affixes,8-Jan
uber eats,16-Jan
uber prices,23-Feb
unintelligible,8-Jan
university at buffalo,17-Jan
ups store,24-Jan
Ursula K. Le Guin,17-Feb
us 36 road conditions,19-Jan
using *args in python,2-Feb
"using a colon in writing, examples",21-Feb
using a match statement scala on a list,14-Feb
using a match statement scala on a lst,14-Feb
using dijkstra's algorithm to solve the bucket problem,29-Jan
using fold left to create an indexed list scala,25-Feb
using foldleft in scala,25-Feb
using foldleft to get the indices,25-Feb
using foldleft to get the indices scala,25-Feb
using lambda to sort by value python,14-Feb
using lambda to sort by value python dictionary,14-Feb
using latex in tex shop,18-Jan
using latex in tex shop,18-Jan
using map on a tuple as key java,25-Feb
using map on a tuple scala,25-Feb
using summation notation in latex,15-Feb
valentino zendaya,26-Feb
vegan brownie recipe,31-Jan
vegan cookies,31-Jan
vegan cookies recipe,31-Jan
vegan recipes for dinner,16-Feb
vegan spaghetti recipe,16-Feb
vegetable stir fry,12-Feb
vegetarian pasta recipes,5-Feb
vegetarian places to eat boulder,10-Feb
vegetarian places to eat near boulder,10-Feb
veto synonym,8-Jan
veto synonym 3 letters,8-Jan
veto synonym 3 letters,8-Jan
volodymyr zelensky,24-Feb
volume of a cone,8-Jan
volume of a triangular prism,8-Jan
was doja cat a stripper,5-Feb
was hewlett packard founded in a garage,24-Jan
washboard,7-Feb
weapons with 3 letters,8-Jan
weather,11-Feb
weather,13-Feb
weather,20-Feb
weather,24-Jan
weather,28-Jan
weather,4-Mar
weather bend oregon,23-Feb
weather boulder,15-Feb
website that is personalized for each person,17-Jan
website that shows specific events based on rsvp,17-Jan
wedding uncle dance ideas,15-Jan
wedding websites,17-Jan
wedding websites that allow you to hide events,17-Jan
wesley paul,30-Jan
west elm boulder,4-Mar
what are the values in a list called,16-Feb
what are the values in a list called python,16-Feb
what company created the first color display computer,24-Jan
what does .zip do in scala,25-Feb
what does 10 mg edible mean,7-Feb
what does lhs stand for in maths,4-Feb
what does pog mean,28-Feb
what does rt stand for,7-Jan
what does uwu mean,28-Feb
what happens after i get honor code violation,29-Jan
what happens if i drive on a toll road without a toll pass,4-Mar
what happens if i drive on a toll road without a toll pass colorado,4-Mar
what happens when you receive an honor code violation,29-Jan
what is a complete graph,1-Feb
what is a cycle graph,1-Feb
what is a factorial,16-Feb
what is a factorial,3-Mar
what is a fair wage,11-Feb
what is a fair wage fee,11-Feb
what is a one step growth cycle called,8-Jan
what is a wheel graph,1-Feb
what is dfs good for,30-Jan
what is safe edge in minimum spanning tree,5-Feb
what is safe edge in minimum spanning tree,5-Feb
what is safe edge in minimum spanning tree,8-Feb
what is the backwards apostrophe called,5-Mar
what is the capital of india,24-Feb
what is the difference between a private and public var scala,20-Jan
what language is bash similar to,25-Feb
"What layer of the cloud ""stack"" is Salesforce CRM categorized within?",24-Jan
"What layer of the cloud stack is ""Salesforce CRM"" categorized within?",24-Jan
what screws are used for beats studio 3,15-Feb
What screws are used in Beats Studio 3?,15-Feb
what takes longer to cook potatoes or carrots,1-Feb
what time is it in baroda,Feb 11
what type of affix is fucking,8-Jan
What value does a Python function return if no return statement is specified in the function?,31-Jan
what was yesterday's wordle,26-Feb
what year was my car made,4-Mar
whats a pap smear,25-Feb
wheel graph,1-Feb
wheel graph bipartite,1-Feb
when is daylight saving time,15-Feb
when is daylight saving time,16-Feb
when to use a colon in writing,21-Feb
when was the first computer invented,24-Jan
when2meet,14-Jan
when2meet,14-Jan
where are jade plants native to,17-Jan
where are spider plants native to,18-Jan
where is spleen located,30-Jan
where is the jade plant from,13-Jan
where is the pinwheel plant native to,18-Jan
where is the pinwheel succulent native to,18-Jan
white chicks,15-Feb
who all has blocked me,22-Jan
who all has blocked me on instagram,22-Jan
who came up with computer bug,24-Jan
who owns mint mobile,10-Jan
whole food hours,7-Jan
why BFS doesn't work with weighted graphs,30-Jan
why depth first search doesn't work for shortest path,30-Jan
why depth first search doesn't work for shortest path,30-Jan
why do people like kanye so much,17-Jan
why does my tooth hurt when cold touches it,17-Jan
why is jupyter notebook running so slow,19-Jan
why is personal privacy important,5-Mar
why is scala not an option for my intellij community edition,24-Feb
wichita,30-Jan
wingspan how its played,8-Feb
winter break study abroad programs,21-Feb
winter olympics,4-Feb
witchyman cain,10-Jan
wolfram derivative,15-Feb
wolfram derivative,21-Feb
word for when you smother someone with a pillow,6-Jan
wordle,12-Feb
wordle,13-Feb
wordle,14-Feb
wordle,17-Feb
wordle,18-Feb
wordle,18-Feb
wordle,18-Feb
wordle,18-Feb
wordle,20-Feb
wordle,24-Feb
wordle,4-Mar
wordle,4-Mar
wordle,5-Mar
wordle archive,21-Feb
wordle archive,22-Feb
wordle archive,26-Feb
wordle game,15-Feb
wordle today,13-Feb
WordPress was launched in what year?,29-Jan
words that end in d,4-Mar
words that end in stan,2-Mar
words that rhyme with month,12-Jan
words the begin with si,21-Feb
world example,14-Feb
worsle,12-Feb
ww1 mongolia,24-Feb
x wing fighter,22-Feb
x wing fighter,22-Feb
yanic,8-Jan
yellow deli,4-Jan
yellowing leaves on golden pothos,6-Feb
yonic,8-Jan
yonic,8-Jan
you know me no i don't,5-Feb
you know me no i don't sound tiktok,5-Feb
young al capone,28-Jan
young hitler,28-Jan
young joe biden,Jan 28
young stalin,28-Jan
young trump,28-Jan
youtube,13-Feb
zaddy,26-Feb
zank you,17-Jan
zank you hidden events,17-Jan
zank you rsvp,17-Jan
zillow,10-Jan
zip car,20-Jan
zipwithindex,25-Feb
zipwithindex scala,25-Feb
zoom login,21-Feb